Smith	0.02351023
Jones	0.014133205
Taylor	0.01089919
Brown	0.010542889
Williams	0.010087287
Wilson	0.007280343
Johnson	0.007112427
Davies	0.006531557
Patel	0.006194573
Robinson	0.005993891
Wright	0.00590841
Thompson	0.005864388
Evans	0.005745584
Walker	0.005639522
White	0.005554635
Roberts	0.005422494
Green	0.005327986
Hall	0.005254987
Thomas	0.005162968
Clarke	0.005030678
Jackson	0.005002482
Wood	0.004911763
Harris	0.00489029
Edwards	0.004786643
Turner	0.004752651
Martin	0.004606059
Cooper	0.004534843
Hill	0.004406418
Ward	0.004319302
Hughes	0.004314212
Moore	0.004298089
Clark	0.004242625
King	0.004181886
Harrison	0.004132774
Lewis	0.004120812
Baker	0.00409581
Lee	0.00396497
Allen	0.003915412
Morris	0.003883501
Khan	0.00382135
Scott	0.003804372
Watson	0.003661235
Davis	0.003575048
Parker	0.003558145
James	0.003378379
Bennett	0.003365673
Young	0.003287994
Phillips	0.003257903
Richardson	0.00324464
Mitchell	0.003233867
Bailey	0.003225248
Carter	0.003214512
Cook	0.003179257
Singh	0.003151915
Shaw	0.003148274
Bell	0.003129811
Collins	0.003075536
Morgan	0.003053394
Kelly	0.002958849
Begum	0.00293121
Miller	0.002925191
Cox	0.002884847
Hussain	0.002879683
Marshall	0.002852861
Simpson	0.002826262
Price	0.002814411
Anderson	0.002797471
Adams	0.002739481
Wilkinson	0.002733871
Ali	0.00271121
Ahmed	0.002688623
Foster	0.002657046
Ellis	0.002646013
Murphy	0.002645715
Chapman	0.002623166
Mason	0.002517067
Gray	0.002513129
Richards	0.002468029
Webb	0.002445851
Griffiths	0.002443696
Hunt	0.002402052
Palmer	0.002365348
Campbell	0.002345436
Holmes	0.002334811
Mills	0.00231267
Rogers	0.002311221
Barnes	0.002276821
Knight	0.002272771
Matthews	0.002253454
Barker	0.002238631
Powell	0.002238408
Stevens	0.002191711
Kaur	0.002184021
Fisher	0.002177074
Butler	0.00217674
Dixon	0.002173433
Russell	0.002161211
Harvey	0.002134092
Pearson	0.002115852
Graham	0.002080708
Fletcher	0.002029888
Murray	0.002025058
Howard	0.002012836
Shah	0.001983934
Gibson	0.001954511
Gill	0.001927689
Fox	0.001924494
Stewart	0.001922488
Elliott	0.001896929
Lloyd	0.00188441
Andrews	0.001874231
Ford	0.001841131
Owen	0.001835521
West	0.001833329
Saunders	0.001827311
Reynolds	0.001826308
Day	0.001825937
Walsh	0.001816798
Brooks	0.001807585
Atkinson	0.001807511
Payne	0.001800824
Cole	0.001792762
Bradley	0.00177389
Spencer	0.001773036
Pearce	0.001772441
Burton	0.001742016
Lawrence	0.001740827
Dawson	0.001730611
Ball	0.001702526
Rose	0.001685994
Booth	0.00162232
Grant	0.001591672
Wells	0.001585133
Watts	0.001582161
Hudson	0.00158127
Hart	0.001575995
Armstrong	0.001570534
Perry	0.001557903
Newman	0.001545941
Jenkins	0.001538696
Hunter	0.001524505
Webster	0.001509348
Lowe	0.001491257
Francis	0.001474168
Page	0.001470713
Hayes	0.001469896
Carr	0.001466701
Marsh	0.001464175
Stone	0.001460645
Riley	0.001457488
Woods	0.001454218
Gregory	0.001451841
Barrett	0.001450949
Berry	0.001449909
Dunn	0.001447346
Newton	0.001438096
Holland	0.001416623
Porter	0.001405627
Oliver	0.001391287
Ryan	0.001391213
Reid	0.0013833
Williamson	0.001375016
Parsons	0.001367214
O'Brien	0.001362793
Bird	0.001361939
Robertson	0.001358818
Reed	0.001358336
Bates	0.001357555
Dean	0.001353878
Walton	0.001353469
Hawkins	0.00135332
Cooke	0.001352986
Harding	0.001348268
Ross	0.001340392
Henderson	0.001326164
Kennedy	0.001323749
Gardner	0.001317508
Lane	0.001310598
Burns	0.001293101
Bishop	0.001291912
Burgess	0.001291652
Shepherd	0.001291652
Nicholson	0.001285894
Freeman	0.001284557
Cross	0.001270811
Hamilton	0.001261747
Hodgson	0.001256657
Warren	0.001256211
Sutton	0.001244918
Harper	0.00123485
Yates	0.001234256
Nicholls	0.001228684
Robson	0.001227681
Chambers	0.001226789
Hardy	0.001219136
Curtis	0.001219062
Moss	0.001217056
Long	0.00121427
Akhtar	0.001203831
Coleman	0.001202753
McDonald	0.001183547
Sharp	0.001182024
Potter	0.001172885
Jordan	0.001159734
George	0.001158508
Osborne	0.00115836
Gilbert	0.001155648
May	0.001154793
Hammond	0.001152304
Gordon	0.001147809
Stevenson	0.001144354
Hutchinson	0.001143203
Wheeler	0.001136218
Wallace	0.001127934
Rowe	0.001127786
Willis	0.0011276
Read	0.00111991
Johnston	0.001117198
Mann	0.001115898
Stephenson	0.001114449
Miles	0.001110139
Barber	0.001109471
Arnold	0.001108616
Byrne	0.001107725
Griffin	0.0010971
Slater	0.001096208
Nelson	0.001093125
Frost	0.00108707
Austin	0.00108354
Hewitt	0.001075442
Buckley	0.001061102
Baxter	0.001060211
McCarthy	0.001054081
Whitehead	0.001052186
Higgins	0.001046428
O'Connor	0.001042602
Lambert	0.001041821
Hopkins	0.001038627
Barton	0.001036286
Greenwood	0.001034429
Burke	0.001030862
Blake	0.001025661
Clayton	0.001024807
O'Neill	0.001021724
Goodwin	0.001014814
Doyle	0.001011285
Woodward	0.00100861
Bond	0.001007347
Kemp	0.001004598
Holt	0.000999545
Thomson	0.000996462
Nash	0.000996313
Banks	0.000985614
Lawson	0.000982382
Miah	0.000981342
Davidson	0.000981119
Middleton	0.000980822
Cunningham	0.000979039
Barnett	0.000976475
Jennings	0.00096912
Heath	0.000968525
Walters	0.00096221
Poole	0.000956675
French	0.000948576
Parry	0.000946347
Bibi	0.000943784
Fowler	0.000940886
Watkins	0.000940069
Jarvis	0.00093836
Lynch	0.000934385
Quinn	0.000931487
Sullivan	0.000931487
Stanley	0.000929258
Norman	0.00092755
Stephens	0.000927029
Hartley	0.000926101
Rahman	0.000924949
Alexander	0.000924355
Lucas	0.000920305
Morton	0.000916776
Peters	0.000914027
Knowles	0.000911687
Dickinson	0.000910758
Douglas	0.000908418
Field	0.000908418
Morrison	0.000907154
Preston	0.000905483
Stokes	0.000904628
Simmons	0.000904405
Black	0.000902399
Gallagher	0.000902288
Barlow	0.000898796
Briggs	0.000898387
Gibbs	0.000896678
Todd	0.000896381
Tucker	0.000895527
Townsend	0.000889843
Ferguson	0.000889471
Parkinson	0.000879329
Burrows	0.000875466
Thornton	0.000875429
Hayward	0.000869262
Pritchard	0.000869225
Rhodes	0.000868036
Thorpe	0.000867925
Fuller	0.000867776
Holden	0.000866513
Baldwin	0.000866439
Reeves	0.000862612
Lamb	0.00085299
Norris	0.000850724
Sanders	0.000849461
Tomlinson	0.000848384
MacDonald	0.000847418
Hancock	0.000844706
Kent	0.000842551
Dale	0.000839951
Ashton	0.000838911
Howe	0.000831481
Abbott	0.000831369
Davison	0.000831369
Glover	0.000829252
Kirby	0.000823308
Carroll	0.000823011
Weston	0.00082067
Kay	0.000817104
Kirk	0.000815469
Whittaker	0.000815135
Birch	0.000813203
Morley	0.000810268
Mistry	0.00080529
Daniels	0.000802839
Goddard	0.00080269
Bryant	0.000801278
Dobson	0.00080113
Savage	0.00080087
Davey	0.000800127
Perkins	0.000799718
Warner	0.000797563
Skinner	0.00079422
Bartlett	0.000793291
Brookes	0.000791842
Cartwright	0.000788647
Iqbal	0.000784338
Archer	0.000782666
Fraser	0.000782072
Sanderson	0.000781032
Bradshaw	0.00078014
Atkins	0.000778543
Smart	0.000775942
Bull	0.000771856
Rees	0.000771633
Bentley	0.000771187
Patterson	0.000768698
Bolton	0.000766098
Haynes	0.000765875
Wilkins	0.000762829
Mahmood	0.000762197
Law	0.000760711
Little	0.000760674
Wade	0.000759819
Malik	0.000758928
Howell	0.000757813
Schofield	0.000754321
Sharma	0.000751312
Dodd	0.000748266
Houghton	0.000746074
Butcher	0.000744217
Crawford	0.000743994
Hicks	0.000740947
Henry	0.000740464
Wall	0.000738013
Short	0.000735115
Giles	0.000734892
Duncan	0.000734818
Coates	0.000734595
Manning	0.000734298
Noble	0.000733555
Clements	0.000732366
Duffy	0.000730731
Sykes	0.000728354
Gould	0.000724602
Brennan	0.000723859
Farrell	0.000722038
Vaughan	0.000718361
Waters	0.000716837
Sheppard	0.0007129
Gibbons	0.000710225
Finch	0.000706361
Winter	0.000699971
Naylor	0.000699637
Franklin	0.000696182
Flynn	0.000691687
Garner	0.00069139
Steele	0.000687304
Dyer	0.000686078
Marsden	0.000684926
Hooper	0.000680022
Vincent	0.000679725
Mohammed	0.000677979
Joyce	0.000676902
Horton	0.000676307
Sharpe	0.000675304
Hobbs	0.000674933
Pickering	0.000674004
Humphreys	0.000673001
Dennis	0.000670735
Kerr	0.000669843
Fleming	0.000668989
Hurst	0.000668134
Coles	0.000665311
Leach	0.000665088
Pratt	0.000663528
Randall	0.000662822
Moran	0.000662599
Howarth	0.000661485
Connolly	0.000660296
Peacock	0.000659924
Sinclair	0.00065959
Herbert	0.000657547
Swift	0.000657175
Carpenter	0.000656246
Chandler	0.000655949
Chadwick	0.000648334
Blackburn	0.000645473
Pollard	0.000643876
Norton	0.000638638
Hale	0.000636817
Browne	0.000634737
Pugh	0.000632582
Hilton	0.000631319
Welch	0.000631133
Faulkner	0.000631022
Parkin	0.000630725
Hanson	0.000629016
Kumar	0.000626713
Lyons	0.000625264
Cameron	0.000624781
Turnbull	0.000624781
Collier	0.000618763
Allan	0.000618205
Bryan	0.000618057
Benson	0.000617017
Doherty	0.000616868
Charlton	0.000616719
Wallis	0.000616125
Chamberlain	0.000613859
Myers	0.00061345
Tyler	0.000612299
Conway	0.000612113
Nixon	0.000608621
Paul	0.000606466
Metcalfe	0.000605463
Whitehouse	0.000605426
O'Sullivan	0.000605054
Gardiner	0.000604237
Lord	0.000604051
Joseph	0.000603903
Jacobs	0.000603829
Rice	0.000603197
Rowley	0.000602528
Bowen	0.000602268
North	0.000601451
FitzGerald	0.000599854
Godfrey	0.000599593
Holloway	0.000597699
Bray	0.000596956
Hope	0.000596621
Talbot	0.000596436
Gough	0.000595916
Connor	0.000594727
Hyde	0.000594132
Farmer	0.000593984
Storey	0.000592126
Potts	0.000591829
Nolan	0.000591049
Bruce	0.00058986
John	0.000588634
Butt	0.000586851
Donnelly	0.000586554
McKenzie	0.000584474
Hargreaves	0.000583656
Brady	0.000581464
Parkes	0.000581204
Hassan	0.000580721
Forster	0.000576301
Pope	0.000575966
Eaton	0.000572029
Sims	0.000570357
Rowland	0.000569354
Craig	0.000567459
Hirst	0.000567162
Lees	0.000566865
McLean	0.00056575
Boyle	0.000563075
Greaves	0.000561961
Summers	0.000560066
Mellor	0.000558915
Wyatt	0.000557206
Rigby	0.000555237
Daly	0.000553714
Owens	0.000550965
Power	0.000549739
Ingram	0.000548587
Simmonds	0.000544129
Fry	0.000543869
Wild	0.000543758
Uddin	0.000543089
Gale	0.000542718
Neal	0.000542086
Vickers	0.000540489
Marriott	0.000538965
Bradbury	0.000537962
Humphries	0.000534656
Goodman	0.000531981
Waller	0.000531944
Wong	0.00053187
Charles	0.000531015
Cullen	0.000527932
Spence	0.000527449
Best	0.00052496
Islam	0.000523957
Ratcliffe	0.000523697
Barry	0.000523214
Massey	0.000521357
Stubbs	0.000520836
Bullock	0.000520502
Carey	0.000520465
Beaumont	0.000520428
Boyd	0.000519425
Groves	0.00051883
Chan	0.000518756
Sadler	0.000517679
Leonard	0.000517567
Terry	0.000517456
Rayner	0.000516341
Bateman	0.000515338
Ahmad	0.000514558
Hills	0.000512738
Bowden	0.000511512
Weaver	0.000511326
Hodges	0.000511215
Pike	0.000509914
Clifford	0.000509877
Reeve	0.000509506
Paterson	0.000507425
MacKenzie	0.000507203
Dalton	0.000506757
FitzPatrick	0.000505308
Welsh	0.000505234
Small	0.000505085
Guest	0.000504008
Wills	0.000503339
Rodgers	0.000503079
Webber	0.000502299
Thorne	0.00050215
Barnard	0.000501407
Underwood	0.000498658
Stacey	0.000496838
Sweeney	0.000495612
Allison	0.000494832
Langley	0.000494014
McKenna	0.00049368
O'Donnell	0.000492231
Woodcock	0.000491897
Woolley	0.000491265
Kenny	0.000490597
Hogg	0.000489742
Prince	0.000488702
Drew	0.000488665
Bi	0.000488331
Oakley	0.000488071
Beard	0.000487105
Harrington	0.000485804
Kendall	0.000484653
Firth	0.000484541
Lawton	0.000482981
Parr	0.000482684
Draper	0.000482275
Hobson	0.000481384
Beckett	0.000480715
Lacey	0.00047908
McDermott	0.00047856
Casey	0.000477854
Horne	0.00047648
Bacon	0.00047622
Humphrey	0.00047622
Lancaster	0.000475923
Bourne	0.000475551
Neale	0.000475403
Jeffery	0.000474994
Betts	0.000474957
Dyson	0.000473842
Mercer	0.000472319
Seymour	0.000471688
Bedford	0.000471502
Crook	0.000471465
Guy	0.000470833
Reilly	0.000469682
Brook	0.000469347
Gee	0.000469013
Plant	0.000468233
Burnett	0.000467787
Lock	0.000467193
Bowman	0.000466412
Leigh	0.000466004
Wilkes	0.000465781
Croft	0.000465744
Wheatley	0.000465744
McMahon	0.000465521
Hubbard	0.000463923
Ashworth	0.000462066
Drake	0.000460357
Nichols	0.000459725
Stuart	0.000459725
Salmon	0.000459391
Partridge	0.000459317
Proctor	0.000459317
Sutcliffe	0.000459317
Johns	0.000458685
Prior	0.000458685
Moody	0.0004585
Clarkson	0.000457979
Woodhouse	0.000453707
Maguire	0.000453001
McGrath	0.000452073
Platt	0.000452073
Chowdhury	0.000451664
Corbett	0.000450995
Haigh	0.000450512
Harwood	0.000450512
Lake	0.000449435
Emery	0.000449212
Street	0.000448061
Lindsay	0.000446872
Cotton	0.000446797
Baines	0.000446686
Marks	0.000446686
Haines	0.000446575
Brewer	0.000446352
Crane	0.000445051
Park	0.000444494
Bevan	0.00044312
Latham	0.000443045
Hutton	0.000442414
Stafford	0.000442265
Lister	0.000440482
Sandhu	0.00043985
Stanton	0.000439776
Beck	0.000438142
McCann	0.000438104
Rashid	0.000436433
Milner	0.000435207
Brett	0.000433535
Hull	0.000432421
Sewell	0.000432272
Haywood	0.000431715
Bush	0.000431418
Parmar	0.000430935
Cope	0.000430897
Aldridge	0.000430823
Hood	0.000429449
Waite	0.000428929
Bowers	0.000428446
McKay	0.000428297
Smyth	0.000427703
Wakefield	0.000427071
Johnstone	0.000426291
Steel	0.000425919
Tate	0.000425882
Dickson	0.000425325
Ray	0.000425288
Mead	0.000424062
Daniel	0.000423319
England	0.000423022
Maxwell	0.000422539
English	0.000422279
Head	0.000421944
Whiting	0.000421461
Whittle	0.000421201
Andrew	0.000420421
Garrett	0.000420124
Keen	0.000419938
Whitfield	0.00041927
Dunne	0.000418972
Butterworth	0.000418712
Dutton	0.000417226
Senior	0.000415778
Stott	0.000415703
Goodall	0.000415443
Cummings	0.000415369
Westwood	0.000414923
Wainwright	0.000414775
Britton	0.000414032
Swain	0.00041392
Stringer	0.000413586
Hickman	0.000413549
Needham	0.000413549
Cannon	0.000413214
McLaughlin	0.000413103
Roe	0.000412917
Ridley	0.000412508
Sutherland	0.000410428
Searle	0.000410168
Lockwood	0.000409611
Love	0.000408013
Fenton	0.000407047
Mansfield	0.000406193
Foley	0.00040597
Atherton	0.000405636
Davenport	0.000403927
Masters	0.000403593
Grainger	0.000403332
Hallam	0.000402998
Hatton	0.000402701
Callaghan	0.000401326
Ryder	0.000400546
Cohen	0.000400509
Chappell	0.000400398
Kershaw	0.000399655
Armitage	0.000399209
Wilcox	0.000398986
Lovell	0.000398837
Whelan	0.000398206
Howes	0.000397203
Radford	0.000396943
Newell	0.000396794
Childs	0.00039672
Choudhury	0.000395828
Li	0.00039568
Darby	0.000394862
Cousins	0.000393822
Clegg	0.000393748
Whitaker	0.000393042
Burt	0.000392113
Irving	0.000391593
Salter	0.000391482
Coulson	0.000391185
Mortimer	0.000391073
Ireland	0.000390702
Buck	0.000390367
Bright	0.000389067
Forbes	0.000388436
Hodson	0.000387767
Blackwell	0.000387544
Denton	0.000387395
Bannister	0.000384386
Dodds	0.000384089
Adamson	0.00038394
Mather	0.00038394
Edge	0.000383792
Bland	0.000383643
Crossley	0.000383532
Rimmer	0.000383346
Nicholas	0.000381897
Bradford	0.000381711
Jenkinson	0.000381414
Nunn	0.000380783
Golding	0.000380746
Wardle	0.000380708
Wilde	0.000380671
Forrest	0.000380151
Roper	0.000380003
McLoughlin	0.000379965
Mohamed	0.00037978
Ellison	0.000379743
Slade	0.000379185
Healey	0.000378962
Church	0.000378925
Kane	0.000378925
Tanner	0.000378925
Kavanagh	0.000378888
Sawyer	0.000378888
Clay	0.000378517
Bayliss	0.000378219
Boulton	0.000377476
Barratt	0.000377439
Barrow	0.000376956
Cassidy	0.000376399
Meredith	0.00037599
Appleby	0.000375916
Biggs	0.000374839
O'Connell	0.000374319
Piper	0.000374319
Singleton	0.000374059
Downes	0.000373353
Donovan	0.000373279
Cairns	0.00037313
Upton	0.000372164
Khatun	0.000371495
Flanagan	0.000371198
Cain	0.000371012
Ogden	0.000370604
Richmond	0.000370492
Farrow	0.000369415
Rushton	0.000369006
Dent	0.000368895
Crowther	0.000368561
McCabe	0.000368189
Cowley	0.000367966
Ashley	0.000367929
Worthington	0.000366889
Monk	0.000366777
O'Reilly	0.000366629
MacKay	0.000366406
Pitt	0.000366183
Robbins	0.000366109
Lilley	0.000365886
Warburton	0.000365737
Heaton	0.000365626
Ayres	0.00036492
Ritchie	0.000364474
Rutherford	0.000362171
Drury	0.000362134
Hogan	0.000362059
Hutchings	0.000362022
Fawcett	0.000361502
Donaldson	0.000361242
Aston	0.000360945
Sampson	0.000360536
Christie	0.000360128
Moon	0.000360016
Hough	0.000359905
Wise	0.00035983
McIntyre	0.000358827
Calvert	0.000358121
Hodge	0.000356858
Regan	0.000356487
Patrick	0.00035593
Barr	0.000355558
Eastwood	0.000355001
Logan	0.000354964
Broughton	0.000353664
Handley	0.000353069
Nuttall	0.000352586
Amin	0.000352438
Hardman	0.000352289
Munro	0.000352289
Oakes	0.000351137
Batchelor	0.000350989
Curran	0.000350952
McCormack	0.000350803
Preece	0.000350357
Lea	0.000350171
Castle	0.000350134
Rawlings	0.00034954
Lester	0.000349168
Watt	0.000349094
Milne	0.0003485
Hawkes	0.000348351
Beech	0.000348165
Shields	0.000347868
Ashby	0.000347497
Goldsmith	0.0003472
Stead	0.000347051
Flint	0.000346939
Maynard	0.000346754
Millar	0.000346568
Bainbridge	0.000345862
Buxton	0.000345676
Rowlands	0.000344413
Dudley	0.00034367
Maher	0.00034289
Bridge	0.000342519
Sumner	0.000342444
Daley	0.000341441
Blair	0.000341218
Fielding	0.000341181
Bridges	0.000340698
Peck	0.000340364
Chauhan	0.000339993
Lomas	0.000339621
McIntosh	0.00033925
Hadley	0.000338098
Millard	0.000337986
Mooney	0.000337429
Ingham	0.000336872
Amos	0.000336835
Mehta	0.000336092
Horner	0.000336018
Deacon	0.00033598
Craven	0.000335869
Vernon	0.000334346
Hulme	0.00033416
Curry	0.000334123
Worrall	0.000333826
McGowan	0.000333751
Coe	0.000333677
Howells	0.000333529
Deakin	0.000333491
Rudd	0.000332823
Everett	0.000332265
McLeod	0.000331671
Simms	0.000331151
Appleton	0.000330779
Holder	0.000330668
Rutter	0.000330557
Ash	0.000330445
Kidd	0.000330074
Higgs	0.000329628
Fryer	0.000329591
Nightingale	0.000329405
Dawes	0.000329293
Tait	0.000328885
Currie	0.000328513
Gunn	0.000328513
Dowling	0.000328365
Lodge	0.00032829
Halliday	0.000327027
Clare	0.000326879
Bingham	0.000326247
Kaye	0.000325318
Walmsley	0.000325021
Bowles	0.000324984
Hackett	0.000324724
Grundy	0.000324687
Langford	0.00032465
Fellows	0.000324464
Beattie	0.000324241
Kenyon	0.000323795
Knott	0.000323684
Bone	0.00032335
Lang	0.000322532
Durrant	0.000322235
Delaney	0.000322086
Hay	0.000321009
Weeks	0.000320712
Costello	0.00032034
Sheldon	0.000319746
Harman	0.000319709
Ainsworth	0.000318817
Priestley	0.000318223
Molloy	0.000318037
Hoare	0.000317963
Robins	0.00031748
Rehman	0.000317443
Hampson	0.00031722
Avery	0.000317146
Rooney	0.000316886
Millington	0.00031592
Coombes	0.000315882
Bristow	0.000315808
Hodgkinson	0.000315474
Fernandes	0.000315065
Boyce	0.000314396
Ashcroft	0.000314322
Phipps	0.000314248
Meadows	0.000314211
Sherwood	0.000314174
McNally	0.000313988
Marchant	0.000313393
McDonnell	0.000313208
Cresswell	0.000313133
Egan	0.000313096
Downing	0.000312688
Finn	0.00031265
Healy	0.000312613
Peel	0.000312502
Cowan	0.000312428
Edmonds	0.00031109
Squires	0.000310719
Wharton	0.000310087
Sheikh	0.000309939
Barron	0.000309827
Snell	0.00030953
Graves	0.000309456
Millward	0.000309196
Ballard	0.000308898
Clough	0.000308861
Hibbert	0.00030823
Prescott	0.00030823
Dillon	0.000307635
Duggan	0.000306892
McGregor	0.000306855
Sheridan	0.000306855
Connell	0.000306632
Hurley	0.000306446
Dhillon	0.000306335
Jamieson	0.000305741
Skelton	0.000305704
McCormick	0.000305555
Bower	0.000305481
Rai	0.000305258
Swan	0.000304812
Aslam	0.000304626
Franks	0.000304589
Sharman	0.000304218
Percival	0.000303883
O'Shea	0.00030366
Bassett	0.000303437
McMillan	0.000303437
Leech	0.000303177
Muir	0.000303103
East	0.000302471
Arthur	0.000301803
Madden	0.000301766
Broadbent	0.000301246
Pennington	0.000301208
Sargent	0.000301134
Heywood	0.0003008