Rossi	0.018218378
Russo	0.011565739
Ferrari	0.010309713
Esposito	0.008149976
Colombo	0.006997033
Bianchi	0.00699698
Romano	0.006136181
Ricci	0.004861217
Gallo	0.004716273
Dal	0.004581506
Bruno	0.00457605
Greco	0.004481781
Marino	0.004461742
Conti	0.00424089
Giordano	0.004222214
Rizzo	0.004078424
de Luca	0.004065047
Costa	0.004003251
Mancini	0.003983316
Lombardi	0.003728418
Barbieri	0.003616995
Fontana	0.00352152
Moretti	0.003494923
Mariani	0.003344733
Caruso	0.003265257
Galli	0.003255395
Ferrara	0.003164169
Santoro	0.003108353
Rinaldi	0.003048602
Longo	0.003047448
Villa	0.003032602
Sala	0.003016969
Leone	0.002982713
Martini	0.00297133
Dalla	0.002926897
D'Angelo	0.002822661
Bianco	0.002804877
Martinelli	0.002799527
Gatti	0.002771513
Vitale	0.002727868
Serra	0.002704209
Coppola	0.002664864
Gentile	0.002633179
Cattaneo	0.002601756
Ferri	0.002579514
Messina	0.002558897
Monti	0.002552392
Marchetti	0.002542058
Marini	0.002541114
Fabbri	0.002529573
Ferraro	0.002494897
Lombardo	0.002464733
Testa	0.002422976
de Santis	0.002415841
Grasso	0.002390871
Parisi	0.00235053
Amato	0.002346805
de Angelis	0.002335107
Pellegrini	0.00232173
Riva	0.002281704
Grassi	0.002263081
Palumbo	0.002239369
Conte	0.00220674
Morelli	0.002188274
Brambilla	0.002173271
Sanna	0.002144943
Farina	0.002139907
Benedetti	0.002138281
Pellegrino	0.002103553
Valentini	0.002092694
Rizzi	0.002088288
Franco	0.002054976
Caputo	0.002046635
Carbone	0.002030792
Fiore	0.002028694
de Rosa	0.002025599
Barone	0.002022504
D'Amico	0.002010281
Mazza	0.002000996
Silvestri	0.001994386
Martino	0.001987619
Bernardi	0.001972143
Rossetti	0.001961179
Palmieri	0.001934215
Giuliani	0.001913389
Orlando	0.001889206
Piras	0.001885061
Locatelli	0.001881337
Basile	0.001866596
Castelli	0.001858884
Pagano	0.001844196
Ruggiero	0.001840734
Sorrentino	0.001836537
Pozzi	0.001824786
Romeo	0.001802334
Bellini	0.00178476
Montanari	0.001782819
Fumagalli	0.001782242
Poli	0.001779619
Rota	0.001776943
Negri	0.001768812
Vitali	0.001747409
Ferrero	0.001746202
Milani	0.001745783
Costantini	0.001740904
di Stefano	0.001740275
Ferretti	0.00173314
Battaglia	0.001719081
Mantovani	0.001712629
D'Agostino	0.00170796
Moro	0.001697363
Perrone	0.001691016
Fusco	0.001679737
Guerra	0.001673284
Sartori	0.001663265
Donati	0.001661429
Basso	0.00164695
Piazza	0.001616052
de Simone	0.001598793
Calabrese	0.001593442
Molinari	0.001579225
Catalano	0.001578544
Pinna	0.001572248
Leonardi	0.001566268
Meloni	0.001561862
Proietti	0.001556825
Spinelli	0.001530596
Ruggeri	0.001527921
Zanetti	0.001526032
Bruni	0.001513862
Marchi	0.001499488
Bassi	0.001494819
Ventura	0.001480288
Santini	0.001479291
Olivieri	0.001478767
Giorgi	0.001464917
Magnani	0.001463973
Melis	0.00145495
Carta	0.001451908
Motta	0.00145133
Pace	0.001448865
Grimaldi	0.001447868
Marinelli	0.001435016
Garofalo	0.001430924
Mele	0.001427199
Manca	0.001425363
Aiello	0.001421271
Beretta	0.00141377
Monaco	0.001409888
D'Ambrosio	0.001409521
Cavallo	0.001407737
Rosso	0.00140695
Volpe	0.001401862
Trevisan	0.001398871
D'Alessandro	0.001392471
Antonelli	0.00139053
Ferro	0.001387226
Maggi	0.001386019
Orlandi	0.001385337
Napolitano	0.001385285
Guidi	0.00138455
Cirillo	0.001377416
Pastore	0.001376104
Corti	0.001368183
Pepe	0.001366714
Rosa	0.001361888
Ferrante	0.001353337
Tosi	0.00134935
Berti	0.001348301
Costanzo	0.001344419
Baldi	0.001336498
Valenti	0.001326373
Angelini	0.001319711
de Marco	0.001314832
Viola	0.00131179
Nardi	0.001309849
Arena	0.001307645
Mancuso	0.001306124
Leoni	0.001305442
Sacco	0.001302924
Grossi	0.001302714
Pugliese	0.001297101
Landi	0.001295737
Grillo	0.001293691
Agostini	0.001293481
Piccolo	0.001287501
Venturi	0.00128278
Marchese	0.001281101
Ceccarelli	0.001280681
Mosca	0.001276747
Stella	0.001276013
Giannini	0.001275488
Bartolini	0.001263422
di Marco	0.001260957
Gori	0.001258072
Serafini	0.001255973
Bernardini	0.001252091
Spina	0.001247999
Mauro	0.001244747
Venturini	0.001244013
Oliva	0.001240865
Bianchini	0.001234465
Gagliardi	0.001230426
Mori	0.001221455
Filippi	0.001212275
Izzo	0.001199265
Innocenti	0.001191973
Albanese	0.001185993
Forte	0.001176917
Guarino	0.001170255
di Pietro	0.001170098
Napoli	0.001165901
Mura	0.001160655
Rosati	0.00116055
Borghi	0.001159134
Marra	0.001158504
Massa	0.001157245
Giusti	0.001154675
Rubino	0.001153888
Palma	0.00115179
Baldini	0.001149901
Carraro	0.001149009
Franchi	0.001147331
Bevilacqua	0.001143816
Cavallaro	0.00114156
Mauri	0.001136524
Biondi	0.001132904
Rossini	0.001132799
Rocca	0.001130281
Falcone	0.001129757
Pisano	0.001114439
Guida	0.001113809
Pucci	0.001113337
Bonetti	0.00111297
Pinto	0.001111449
Fazio	0.001106937
Mazzoni	0.001102268
Grosso	0.001102216
Santi	0.001100327
di Martino	0.00109655
Magni	0.001096498
Raimondi	0.001096445
Frigerio	0.001095763
Palermo	0.001093088
Baroni	0.001092616
Mariotti	0.001091462
Pesce	0.001084065
Bucci	0.001080865
Gatto	0.001065495
Furlan	0.001063081
Giovannini	0.001061298
Re	0.001058675
D'Andrea	0.001056734
Bosco	0.001055108
Parodi	0.001054688
Ferrario	0.001052432
Romagnoli	0.001051436
Brunetti	0.001044354
Perego	0.001038583
Costantino	0.001038111
Manfredi	0.00103297
Colucci	0.001031606
Marconi	0.00102935
Marchesi	0.001024524
di Mauro	0.001021272
Gargiulo	0.001020222
Moroni	0.001019855
Pappalardo	0.001014872
Casagrande	0.00101356
Crippa	0.001013141
Lorusso	0.001009731
Vinci	0.001006321
Antonini	0.001002177
Martelli	0.000995042
Cocco	0.000994203
Capasso	0.000993049
Simonetti	0.000990636
Sacchi	0.000989691
Fiorini	0.000987173
Volpi	0.00098476
Luciani	0.000984026
Rocchi	0.000982714
Lanza	0.000982295
di Benedetto	0.00098219
Ranieri	0.000979829
Barbato	0.000977311
Leo	0.000972904
Vaccaro	0.000972904
Ricciardi	0.000971016
Berardi	0.000970859
Stefani	0.000967868
Merlo	0.000964249
Carboni	0.000963986
Diana	0.000958845
Giuliano	0.000958111
Genovese	0.000958006
Tarantino	0.000955908
Tedesco	0.000952026
Vacca	0.000948931
Boscolo	0.000948878
Cipriani	0.000948249
di Lorenzo	0.0009472
Riccio	0.000946045
Belli	0.000942531
Bartoli	0.000942478
Masi	0.000941691
La Rosa	0.000941062
Fortunato	0.000940327
Falco	0.000934767
Toscano	0.00093335
Scotti	0.000932983
Gentili	0.000931777
di Carlo	0.000930623
Mattioli	0.00093057
Massaro	0.000922544
Colella	0.000922019
Cosentino	0.000921232
Cozzolino	0.000919554
Delle	0.000916039
Lai	0.000915304
Girardi	0.000913731
Graziano	0.000913573
Borrelli	0.000911527
Bertolini	0.000906229
Castellani	0.000906019
Gasparini	0.000905547
Molteni	0.000903186
Grandi	0.000901875
Puglisi	0.000901088
Paolini	0.000898832
Corsi	0.000898727
Belotti	0.000897993
Lazzari	0.000895055
Petrucci	0.000892118
Spada	0.000890544
Granata	0.000889914
Pini	0.000888078
Iorio	0.0008864
Chiesa	0.000886347
Nicoletti	0.000882885
Bosio	0.000880577
Carrara	0.000879947
Bertini	0.000878216
Belloni	0.000875488
Franchini	0.000871134
Lorenzi	0.000869298
Boni	0.000867567
Cortese	0.000867462
Cecchini	0.000866675
Mazzola	0.000862793
Manzoni	0.000862373
Vigano	0.000860327
Franceschini	0.000859803
Fabris	0.000859331
Lupo	0.00085718
Clemente	0.000855082
Morandi	0.000853665
Manzo	0.000852039
Pisani	0.000851934
Righi	0.000846426
Zanotti	0.000845377
Romani	0.000844747
Spano	0.000842911
Schiavone	0.000842177
Fiori	0.000840183
Vitiello	0.000838609
Elia	0.000837088
Natale	0.000837036
Filippini	0.000835514
Pieri	0.000835462
Cappelli	0.000834098
Marotta	0.000833783
Pasquali	0.000833468
Turco	0.000832996
Poggi	0.000832629
Paoletti	0.000832524
Castaldo	0.000832472
Rocco	0.000829901
Murgia	0.000824393
Maggio	0.000823239
Mattei	0.000822819
Carminati	0.000821298
Ronchi	0.000820196
Fantini	0.000819462
Graziani	0.00081899
Alfano	0.000818885
Sabatini	0.000815737
Cavalli	0.000814216
Capuano	0.000810439
Durante	0.000809914
Porcu	0.000809442
Visentin	0.000809337
Fava	0.000809127
Cossu	0.000808813
Nanni	0.000808131
D'Onofrio	0.000808078
Abate	0.000802623
Musso	0.000802623
Ferraris	0.000801941
Lupi	0.000799947
di Maio	0.000798268
Grieco	0.000797377
Andreoli	0.000795541
Federici	0.000795226
Cavaliere	0.000793337
Tonelli	0.000793075
Salvadori	0.000792603
Zanini	0.000792078
Bono	0.000791711
Scognamiglio	0.000791082
Nava	0.000790137
Casadei	0.000789718
Liguori	0.000789193
Albano	0.000788406
de Martino	0.000785573
Piva	0.000779488
di Palma	0.000778544
Perna	0.000777967
Abbate	0.0007776
Randazzo	0.000775868
Macchi	0.000775239
Carli	0.000774085
di Girolamo	0.000773613
Tedeschi	0.000773088
Perini	0.000770937
Guglielmi	0.000770465
Favaro	0.000768157
Miceli	0.000768
Bresciani	0.000766583
Daniele	0.000764485
Castagna	0.000764118
Betti	0.00076396
di Giovanni	0.000760393
Bini	0.000759501
Vecchi	0.000757718
Donato	0.0007552
Giglio	0.000753731
Guerrini	0.000753364
Gabrielli	0.000751842
Renzi	0.000751737
Bertoli	0.000750793
D'Amato	0.000748905
Catania	0.000748328
Campana	0.000744708
Barbero	0.000744655
Festa	0.000743711
del Prete	0.000741141
Scala	0.000740511
Damiani	0.000740091
Vecchio	0.000738623
Federico	0.000736419
Li	0.000735213
Adamo	0.000734164
Fiorentino	0.000733691
Ghezzi	0.000733534
Croce	0.000733114
di Matteo	0.000732275
La Rocca	0.000731698
Cappelletti	0.0007296
Angeli	0.000728341
Torre	0.000727711
Gobbi	0.000725246
Milano	0.000723514
Redaelli	0.000723042
Giunta	0.000722518
Gambino	0.000721993
Capone	0.000721783
Zito	0.000720419
Annunziata	0.000720209
Giuffrida	0.000720052
Bonfanti	0.000718793
Brunelli	0.000718216
Bonanno	0.000715121
Casini	0.000713075
Cuomo	0.00071276
Corradini	0.00071255
Porta	0.000711921
Palazzo	0.000711029
Sanfilippo	0.000709928
Galimberti	0.0007072
Micheli	0.000705678
del Vecchio	0.000704
Casella	0.000702636
Gioia	0.000701587
Gallina	0.000700642
Invernizzi	0.000699698
Privitera	0.000697967
Bacci	0.000697285
Foti	0.000696131
Palmisano	0.000694347
Piccoli	0.000693823
Galbiati	0.000692459
Cerutti	0.000691252
Castellano	0.000689364
Capelli	0.000688787
Morini	0.000687475
Paolucci	0.000685691
Corrado	0.000685324
Tomasi	0.000684957
Tagliabue	0.00068438
di Domenico	0.000683908
Usai	0.000683855
Zani	0.000683855
Maggioni	0.000683226
Balducci	0.000682701
Mora	0.000681285
Bernasconi	0.000680813
Zago	0.000679711
Corradi	0.000679396
Vassallo	0.000677928
Trotta	0.000677665
Moretto	0.000677298
Loi	0.000676039
Panico	0.000674832
Semeraro	0.000674675
Iacono	0.000674255
Verde	0.000672524
Corsini	0.000672419
Buono	0.00067221
Alessi	0.00067137
Morello	0.000670898
Longhi	0.000670636
Bellucci	0.000669954
Anselmi	0.000669219
Fedele	0.000669114
Magri	0.00066859
Cioffi	0.000667908
Mazzei	0.000667331
Mercuri	0.000667331
Santangelo	0.000666911
Fanelli	0.000665442
Campagna	0.000664393
Bertoni	0.000663344
Rapisarda	0.000663187
Fossati	0.0006624
Masini	0.000661298
Carnevale	0.000661246
Rossetto	0.000659514
Marrone	0.000659252
Clerici	0.000657259
de Stefano	0.000656787
Ippolito	0.000656105
de Lucia	0.000655055
Manna	0.000654793
Botta	0.00065259
Panzeri	0.000652275
Lenzi	0.000652065
D'Elia	0.000651803
Luongo	0.000651541
Sabatino	0.000651016
Galasso	0.000650439
Pasquini	0.000650334
Campanella	0.000650019
Grilli	0.000648865
Bossi	0.000648078
Maffei	0.000647501
Stefanelli	0.000647344
Gandolfi	0.000646872
Piccinini	0.000646557
Fasano	0.000646347
Siciliano	0.000646295
Ciccarelli	0.00064598
Ambrosio	0.000645718
Cecchi	0.000645613
Poletti	0.000645508
Corona	0.000645141
Savino	0.000643882
Cozzi	0.000643777
Casati	0.000643567
Castiglioni	0.000641364
Veronese	0.000641259
Spagnolo	0.000639632
Lorenzini	0.000639318
di Gregorio	0.000638741
Bonini	0.000638216
Lodi	0.000637796
Lamberti	0.000637324
Ruggieri	0.000636642
Venturelli	0.000636328
Casale	0.000635331
Marras	0.000634019
Peluso	0.000633652
Ratti	0.000632341
Mari	0.000631292
Florio	0.000630767
Bergamini	0.000628983
Marcon	0.000628931
Pacini	0.000628196
D'Auria	0.000628039
Masiero	0.000627252
Meroni	0.000627042
Macri	0.000626151
Colonna	0.000625888
Zanon	0.000624734
Palladino	0.000624367
Marano	0.000624262
Vincenzi	0.000623213
di Paolo	0.000621587
Valsecchi	0.000621324
Barbera	0.00062101
Carletti	0.00062101
Marangoni	0.00062017
Paoli	0.000619593
Vianello	0.000619593
Bove	0.000618964
Sasso	0.000618701
Cavallini	0.000618596
Giudici	0.00061781
Pizzi	0.000615973
Latini	0.000615187
di Bella	0.00061419
Vaccari	0.000614032
Bressan	0.000611724
Nobile	0.000611619
Sassi	0.000610255
Battista	0.000610046
Sarti	0.000609678
Cerri	0.000609206
de Vita	0.000608787
Iannone	0.000608314
Morabito	0.000608262
Gabriele	0.000606583
Repetto	0.000606111
Evangelista	0.000606059
de Marchi	0.000604328
Carlucci	0.000603593
Gamba	0.000602754
Giacomelli	0.000599869
Natali	0.000598662
Reale	0.000598662
Fadda	0.000598557
Bergamaschi	0.00059819
Bandini	0.000597508
Mazzeo	0.000597403
Lentini	0.000596931
Valle	0.000596773
Simoni	0.000596564
Dalle	0.000596144
Marchesini	0.000596144
Vanni	0.000595672
Gennari	0.00059541
Crespi	0.000594203
Massari	0.000593941
Floris	0.000593521
Cataldo	0.000593364
Montagna	0.000593206
Manenti	0.000593049
Patti	0.000592157
Terranova	0.000591108
Casali	0.000590846
Scuderi	0.000590006
Lazzarini	0.000589796
Deiana	0.00058901
Contini	0.000588695
Bello	0.000587436
Bettini	0.000587331
Grande	0.000586439
Botti	0.000586387
di Giacomo	0.000584446
Pecoraro	0.000584446
Marelli	0.000584026
Fioravanti	0.000583764
Amoroso	0.000583711
Bertelli	0.000583659
Mazzoleni	0.000581718
Salvati	0.000580564
Urso	0.000580354
Santucci	0.000579619
Dessi	0.000578728
Minelli	0.000578413
Torrisi	0.000577364
Tortora	0.00057558
Barbagallo	0.000575475
Benvenuti	0.000575423
Galati	0.000575265
Iodice	0.000575055
Santoni	0.000574898
Parente	0.000573429
Meli	0.000573167
D'Errico	0.000573062
Morra	0.000572905
Zambon	0.000572905
Cardinali	0.000572118
di Pasquale	0.000572013
Drago	0.000571121
Zaccaria	0.000571016
Veronesi	0.000570649
Sessa	0.000570596
Paris	0.000569495
Rigamonti	0.000569495
Felici	0.000569075
Arrigoni	0.000569023
di Francesco	0.000568603
Cappello	0.000567869
Marin	0.000567711
Cimino	0.000566085
Facchini	0.000565875
Speranza	0.000565403
Giordani	0.000564983
Benini	0.000562518
Petrone	0.000562151
Coco	0.000561888
Marangon	0.000560052
Pizzo	0.000559633
Carlini	0.000559423
Benetti	0.000559265
Ragusa	0.000559213
Vella	0.000558059
Simeone	0.000557901
Curti	0.000557272
Biagini	0.000557114
Bonelli	0.000557062
D'Alessio	0.000555541
Corso	0.000554072
Puddu	0.000552813
Milazzo	0.000552603
Todaro	0.000552603
Sansone	0.000551816
Capra	0.000550872
Consoli	0.000550557
Migliore	0.000550452
Gozzi	0.000549928
Sannino	0.000549298
Bolognesi	0.000549088
Franzoni	0.000548196
Giorgetti	0.000548092
Adami	0.000547934
Giacalone	0.000547777
Piscopo	0.000546046
Calcagno	0.000545941
Caselli	0.000545836
Calo	0.000544892
Giacomini	0.000544629
Bongiovanni	0.000542269
Valerio	0.000542216
Ottaviani	0.000541377
Zanoni	0.000541167
Perrotta	0.000541114
Gregori	0.0005408
Barra	0.000540747
di Biase	0.00053996
Cipolla	0.000539646
Guarnieri	0.000539541
Mascia	0.000539121
Signorini	0.000538911
Pala	0.000538701
lo Presti	0.000538177
Cesari	0.000537705
Lisi	0.000537705
Campo	0.0005376
Calvi	0.000535869
Romanelli	0.000535816
Radaelli	0.000535501
Piscitelli	0.000535134
di Gennaro	0.000534819
Mereu	0.000534819
Pegoraro	0.000534295
Mandelli	0.000533823
Morrone	0.00053356
Curcio	0.000533036
Cecere	0.000532301
Finocchiaro	0.000531042
Mazzone	0.000528157
Stabile	0.000526426
Sacchetti	0.000526216
Paganelli	0.000524118
Cristiano	0.000524065
Martin	0.000523698
D'Urso	0.000523541
Damiano	0.000523541
Mastroianni	0.000522859
Errico	0.000522124
Cazzaniga	0.00052181
Cecconi	0.00052181
D'anna	0.0005216
Merola	0.000521442
Longobardi	0.000521285
Lucarelli	0.000521285
Rosi	0.000521075
Raimondo	0.00052076
Chianese	0.000520708
Marongiu	0.000520498
Cardone	0.000520183
Monteleone	0.000519606
Sciacca	0.000519187
Alessandrini	0.000518924
Favero	0.000518872
Musumeci	0.000518295
Lepore	0.000516669
Merli	0.000516301
Bruschi	0.000516249
di Donato	0.000515724
Lattanzi	0.000515567
Rea	0.00051499
Gaspari	0.000514833
Valeri	0.00051478
Giudice	0.00051436
Dominici	0.000512682
Mangano	0.000511633
Beltrami	0.000511108
Banfi	0.000510951
Milan	0.000510583
Migliaccio	0.000510374
Benedetto	0.000509377
Viviani	0.000508013
Moscatelli	0.000507646
Bologna	0.000507541
D'Amore	0.000507278
Battistini	0.000506649
Zanni	0.000506649
Gandini	0.000506492
Mazzanti	0.000506177
Signorelli	0.000506019
Giannone	0.000505915
Saracino	0.00050539
Pirozzi	0.000505285
Sandri	0.000505023
Fiorillo	0.000504708
Bertozzi	0.000504341
Bonato	0.000504183
Fabiani	0.000503449
Battisti	0.000502924
Gazzola	0.000502767
Matteucci	0.00050177
Cavalieri	0.000501613
Bonomi	0.000501403
Cantoni	0.000500721
Zampieri	0.000500301
Pulvirenti	0.000499987
di Nardo	0.000499252
Bernini	0.000499095
Atzori	0.000498833
Gagliano	0.000498675
Gargano	0.00049857
Pascale	0.000498465
Biffi	0.000498151
Cassano	0.000497888
Manzi	0.000497836
Ugolini	0.000497783
Bortolotti	0.000496944
Molinaro	0.000496157
Tommasi	0.000495895
Zucca	0.00049579
Piana	0.000494321
Cherubini	0.000493429
Mancinelli	0.000493272
Gobbo	0.000492905
Mazzotta	0.000492747
Papini	0.00049217
Piacentini	0.000491331
Delfino	0.000490439
Pavesi	0.000490439
Garau	0.000489495
Colangelo	0.000489233
di Leo	0.000488918
Petrini	0.000488603
Boschi	0.000488288
Stucchi	0.000488131
Delli	0.000487974
Marchini	0.000487764
Padovani	0.000485928
Cimmino	0.000485875
Barletta	0.000485823
Tagliaferri	0.000485456
Somma	0.000484511
Mapelli	0.000483829
Benassi	0.000483672
Spadaro	0.000483672
Casiraghi	0.000483357
Ceriani	0.000483252
Chiari	0.000483147
Buzzi	0.000482728
di Salvo	0.000482518
Fiorentini	0.000481678
Marcucci	0.000481469
Montanaro	0.000480472
Giardina	0.000480367
Perin	0.000480367
Longoni	0.000479318
Maugeri	0.000479265
Beltrame	0.000478898
Marcelli	0.000478793
Vannini	0.000477849
di Giorgio	0.000477272
Rusconi	0.000476957
Paradiso	0.000476433
Galante	0.000475803
Trapani	0.000475803
di Paola	0.000475331
Gualtieri	0.000474859
Berto	0.000474282
Fedeli	0.000474229
Martina	0.000474229
Gatta	0.000473915
Lotti	0.0004736
Coccia	0.000472813
Baldo	0.000472551
Venditti	0.000472446
Cortesi	0.000472131
Cremonesi	0.000470872
Croci	0.000470767
Bosi	0.000470715
Casula	0.000470715
Pesenti	0.0004704
Colombi	0.000469928
Grazioli	0.000469928
Antonucci	0.000469823
Cardillo	0.000469665
Galletti	0.000469246
Ripamonti	0.000469246
Sangalli	0.000469088
Persico	0.000468983
Maione	0.000468669
Martucci	0.000468564
Canu	0.000468249
Vezzoli	0.000467882
Chirico	0.000467147
Ruocco	0.00046699
Castiglione	0.000466203
Modica	0.000465836
Matera	0.000465574
Guido	0.000465521
Casu	0.000465416
Barberis	0.000464105
Guerini	0.000463842
Vergani	0.000463423
Schiavo	0.000463318
Lolli	0.000462583
Cascone	0.000461797
Calabro	0.0004608
Fusi	0.000460275
Dini	0.000460065
Medici	0.000460065
Baraldi	0.000459541
Lucchini	0.000459436
Ghilardi	0.000458859
Luciano	0.000458649
Boccia	0.000458492
Sechi	0.0004576
Bettoni	0.00045739
Savio	0.000456603
Ciccone	0.000456446
Guerrieri	0.000456131
Renna	0.000456026
del Giudice	0.000455711
Pascucci	0.000455029
Totaro	0.00045419
Balsamo	0.00045398
Callegari	0.000453928
Foglia	0.000453823
Caiazzo	0.000453351
de Falco	0.000452983
Martella	0.000452301
Provenzano	0.000452301
Campisi	0.000452249
Roma	0.000452039
Tomaselli	0.000451515
Conforti	0.000451462
Fabrizi	0.000451147
Sironi	0.000451147
Marzano	0.00045099
Morganti	0.000450885
Francesconi	0.000450833
Cocchi	0.000450518
Simonelli	0.000449311
Maestri	0.000448734
Radice	0.000448629
Zini	0.000448629
D'Aniello	0.000448157
Bertocchi	0.000448052
Tripodi	0.000447947
Manni	0.000446951
Anelli	0.000446898
Ambrosini	0.000446741
Lazzaro	0.000446426
Vinciguerra	0.000446006
Volpato	0.000446006
Valli	0.000445901
Iuliano	0.000445377
Schiavon	0.000445377
di Maggio	0.000445167
Gherardi	0.000445062
Miccoli	0.000444905
Lorenzon	0.000444695
Bassani	0.00044459
Ascione	0.000444275
Pintus	0.00044417
Senatore	0.000443121
Nocera	0.000442649
Frasca	0.000442544
Amadori	0.000441757
Pierini	0.000441705
Porro	0.000441023
Fois	0.000440551
Fantoni	0.000439921
Traverso	0.000439659
Franceschi	0.000438452
Peretti	0.000438137
Balzano	0.000437823
Sebastiani	0.00043777