Jose	0.100477075
Juan	0.058034739
Francisco	0.045190037
Antonio	0.03549902
Manuel	0.031232289
Miguel	0.023323098
David	0.018317206
Luis	0.018062836
Carlos	0.018006147
Jesus	0.017272801
Javier	0.016348048
Pedro	0.016190389
Daniel	0.014512005
Jose-Antonio	0.013328943
Angel	0.012956386
Alejandro	0.012599169
Jose-Luis	0.012590698
Francisco-Javier	0.012296764
Rafael	0.011987582
Pablo	0.011365372
Jorge	0.011235874
Fernando	0.010985717
Jose-Manuel	0.010398582
Miguel-Angel	0.009785713
Alberto	0.009478775
Sergio	0.009384949
Jose-Maria	0.008933356
Diego	0.007751303
Victor	0.007188575
Alvaro	0.007058207
Adrian	0.006906684
Juan-Carlos	0.006895832
Enrique	0.00683525
Juan-Jose	0.006629098
Raul	0.006592648
Vicente	0.006583627
Ivan	0.006288091
Ramon	0.006236668
Ruben	0.006049748
Oscar	0.005971079
Andres	0.005962607
Eduardo	0.005833705
Santiago	0.005677511
Joaquin	0.005553967
Roberto	0.005332841
Mario	0.005079433
Ignacio	0.004991926
Jaime	0.004955888
Marcos	0.004640158
Jordi	0.004593817
Alfonso	0.004457634
Ricardo	0.004393618
Francisco-Jose	0.004099914
Julio	0.003995189
Salvador	0.003943857
Emilio	0.003835103
Josep	0.003799478
Joan	0.003705148
Guillermo	0.003679963
Gabriel	0.003597264
Hugo	0.003572399
Marc	0.003356036
Julian	0.003270406
Gonzalo	0.003233224
Mohamed	0.003210924
Tomas	0.003155562
Agustin	0.00299543
Felix	0.002905771
Cristian	0.0028429
Martin	0.002839099
Jose-Miguel	0.00281918
Nicolas	0.002678509
Ismael	0.002571679
Samuel	0.002521034
Hector	0.002466954
Aitor	0.002336816
Domingo	0.002322117
Cesar	0.002260299
Alfredo	0.002246653
Mariano	0.002226184
António	0.002180164
Alex	0.002171922
Sebastian	0.002115553
Lucas	0.002093848
Felipe	0.002083453
Juan-Francisco	0.002061336
Iker	0.002024337
Xavier	0.002002311
Albert	0.001831876
Rodrigo	0.001821207
Victor-Manuel	0.001710759
Jose-Ignacio	0.001694182
Marco	0.001692488
José	0.001628151
Lorenzo	0.001562945
Gregorio	0.001544033
Esteban	0.001532722
Borja	0.001508041
Arturo	0.001505202
Juan-Luis	0.001470172
Pau	0.001466325
Cristobal	0.001451764
Mateo	0.001423282
Jaume	0.001383764
Francesc	0.001360914
Aaron	0.001310818
Jon	0.001277528
Isaac	0.001275376
Eugenio	0.001273865
Jonathan	0.001257975
Eric	0.001238743
Joel	0.00121136
German	0.001198264
Christian	0.001195745
Mohammed	0.001166118
Sergi	0.001165477
Abel	0.001158196
Mikel	0.001156731
Asier	0.001154213
Miquel	0.001146428
Izan	0.00111877
Valentin	0.001109658
Adolfo	0.001100271
Dario	0.00106144
Ernesto	0.001055807
Iñigo	0.00103021
Unai	0.001016976
Moises	0.001012489
Bruno	0.001005803
Gustavo	0.001004842
Federico	0.001003285
Isidro	0.000996096
Gerardo	0.000995409
Ahmed	0.00099115
Gerard	0.000988861
Carmelo	0.000971002
Bernardo	0.000966927
Benito	0.000959417
Oriol	0.000953647
Omar	0.000949205
Israel	0.000936613
Pere	0.00091129
Pol	0.00090117
Kevin	0.00089334
Pascual	0.000882946
Eloy	0.000874795
Arnau	0.000864583
Carles	0.00086408
Sérgio	0.000843107
Jonatan	0.000838666
Roger	0.000804185
Iñaki	0.000798461
Antoni	0.000792187
Lluis	0.000784586
Víctor	0.000784037
Matias	0.000749144
Adam	0.000746625
Bartolome	0.000740947
Elias	0.000736047
Fermin	0.000724691
Óscar	0.00072199
Benjamin	0.000721852
Adria	0.000719792
Alonso	0.000718143
Marcelino	0.00071796
Leo	0.00071013
Guillem	0.00069392
Oliver	0.000691447
Alexander	0.000686272
Ferran	0.000664796
Saul	0.000653944
Marti	0.00065312
Aurelio	0.000647899
Ander	0.000647808
Enric	0.00064506
Jacinto	0.000636268
Juan-Pablo	0.000635719
Leonardo	0.000628759
Erik	0.000625737
Marco-Antonio	0.000622119
Abraham	0.000621295
Xabier	0.000617174
Gorka	0.000613831
Armando	0.00061351
El	0.000607557
Eduard	0.000600506
Jos	0.000597254
Juan-Ignacio	0.000593087
Roman	0.000592355
Youssef	0.000588508
Eusebio	0.00058718
Francisco-Jesus	0.000580541
Jeronimo	0.000579304
Blas	0.000575366
Damian	0.000574908
Aleix	0.000574405
Victoriano	0.000573992
Said	0.000563827
Justo	0.000556912
Isidoro	0.000556363
Yeray	0.000550914
Julen	0.000546518
Edgar	0.000541023
Santos	0.000532643
Dionisio	0.000524813
Gines	0.000522019
Teodoro	0.000521195
Rachid	0.000513502
Candido	0.000513411
Jan	0.000507229
Florencio	0.000506588
Jairo	0.000499215
Álvaro	0.000493904
Emiliano	0.000480395
Ali	0.000475679
Alexis	0.000475084
Robert	0.00047284
Simon	0.000464368
Eneko	0.000463132
Claudio	0.000461621
Ramiro	0.000454386
Serafin	0.000452188
Faustino	0.000451364
Maximo	0.000450906
Fidel	0.00044999
Manel	0.000449624
Ian	0.000448754
Jesús	0.000442297
Jacobo	0.000440282
Igor	0.000437718
Joaquim	0.000437123
Joseba	0.000435199
Jose-Andres	0.000426453
Andreu	0.000426316
Mustapha	0.000425034
Enzo	0.000423614
Amador	0.000423294
Rogelio	0.000421096
Ion	0.000419676
Michael	0.000418211
Ezequiel	0.000415418
Alexandre	0.000413449
John	0.000412991
Luciano	0.000405435
Biel	0.00040342
Marcelo	0.00039614
Ildefonso	0.000390187
Nestor	0.000389775
Leandro	0.000388309
Nil	0.000384371
Paco	0.000379426
Modesto	0.000374618
Toni	0.000373519
Yago	0.000369947
Luca	0.000367657
Hassan	0.000366879
Florentino	0.000360514
Josue	0.000360148
Fabian	0.000359186
Ricard	0.000358408
Eladio	0.000357217
Paulino	0.000353233
Mauro	0.000352501
Vasile	0.000348562
Cayetano	0.000347921
Constantino	0.000344624
Emílio	0.000341144
Avelino	0.000339358
Celestino	0.000337344
Juan-Andres	0.000334321
Muhammad	0.000332169
Iago	0.000331711
Ibai	0.000330658
Jorge-Luis	0.000329284
Gheorghe	0.000326766
Aritz	0.000326125
Saturnino	0.000325255
Ioan	0.000323194
Dylan	0.000322004
Josu	0.000321134
Marian	0.000320447
Alan	0.000320264
Imanol	0.000319714
Nacho	0.000319714
Gaspar	0.000318707
Rufino	0.000314219
César	0.000312113
Pepe	0.000308312
Khalid	0.000305565
Paul	0.000305381
Aimar	0.000305336
Rayan	0.000301581
Clemente	0.000299291
Raimundo	0.000298238
Fabio	0.000297734
Andoni	0.000295948
Basilio	0.000289446
Alexandru	0.000289171
Bernat	0.00028853
Abdellah	0.000286836
Hilario	0.000282761
Gael	0.000280196
Marcel	0.000278914
Brian	0.000278456
Feliciano	0.000277952
Evaristo	0.00027722
Segundo	0.000274747
Marcial	0.000274289
Markel	0.00027287
Camilo	0.00027232
Abdelkader	0.000271679
Oier	0.00027058
Bilal	0.00026797
Hicham	0.0002671
Constantin	0.000266276
Eliseo	0.000266184
Brais	0.000265039
Hamza	0.000263116
Florin	0.00026101
Leopoldo	0.00026101
Ayoub	0.000260964
Laureano	0.000258858
Narciso	0.000258308
Xavi	0.000257713
Benigno	0.000252355
Brahim	0.00025208
Noel	0.000251165
Patricio	0.00024915
Didac	0.000248555
Mauricio	0.000248463
Anton	0.000248097
Marius	0.000248005
Rodolfo	0.000246128
Bernardino	0.000245074
Cecilio	0.000242602
Jean	0.000236878
Pedro-Pablo	0.000236603
Ignasi	0.000235138
Roque	0.000234542
Abdelaziz	0.000233169
Demetrio	0.000232711
Peter	0.000232161
Adan	0.000230192
Valeriano	0.00022978
Alain	0.000227307
Octavio	0.000227078
Fran	0.000226941
Vicent	0.000226483
Nicolae	0.000223782
Mamadou	0.000222957
Richard	0.000222454
Ibrahim	0.000221767
Orlando	0.000221492
Thiago	0.000220576
Anas	0.00021934
Cesareo	0.00021934
Karim	0.000219202
Anselmo	0.000213387
Pelayo	0.000213112
Lazaro	0.000212746
Abderrahim	0.000212242
Hamid	0.000211006
Denis	0.000210823
Cipriano	0.000210182
Baltasar	0.00020867
Amadeo	0.00020748
Anastasio	0.000207297
Bienvenido	0.000206381
Celso	0.000206289
Eloi	0.000204961
Bernabe	0.000203633
Lucio	0.00020171
Max	0.000200291
Raúl	0.000199466
Jose-Pedro	0.000196994
Norberto	0.000195757
Eulogio	0.000194887
Placido	0.000194887
Yassine	0.000194658
Mihai	0.000194475
Fulgencio	0.000193605
Axel	0.000190903
Anibal	0.000189896
Andrei	0.000189759
Casimiro	0.000188477
Teofilo	0.000188385
Rafa	0.000188248
Bryan	0.000187881
Herminio	0.000187652
Ionut	0.000186416
Abdeslam	0.0001855
Stefan	0.000184584
Rubén	0.000184172
Iban	0.000182753
Lluc	0.000182707
Jamal	0.000181654
Driss	0.000181287
Maximino	0.000180829
Beñat	0.0001806
Baldomero	0.000180509
Alessandro	0.000177624
Manolo	0.000177303
Noe	0.000176983
Ibon	0.000176754
Augusto	0.000175838
Marino	0.000174098
Aquilino	0.000171534
Vidal	0.000171396
Aziz	0.000169748
Samir	0.000169656
Zakaria	0.000169473
William	0.000168283
Ismail	0.000167275
Gumersindo	0.000167138
Kilian	0.000164986
Melchor	0.000163887
Jose-Pablo	0.000163429
Gaizka	0.000163154
Rosendo	0.00016233
Bonifacio	0.000162009
Arsenio	0.000161231
Maximiliano	0.000161185
Victorino	0.000161139
Nabil	0.000161002
Moussa	0.000160086
Jose-Tomas	0.000159399
Teo	0.000158621
Higinio	0.000156697
Mark	0.000156468
Ayman	0.000155598
Hipolito	0.000154683
Andrés	0.00015427
Aday	0.000152805
Noah	0.000152714
Yassin	0.000152714
Eleuterio	0.000152347
Alejo	0.000150058
Adil	0.000149646
Virgilio	0.000149279
Unax	0.000149233
Isaias	0.000149096
Urbano	0.000148776
Nelson	0.000148684
Humberto	0.00014818
Dani	0.000147631
Paulo	0.00014731
Jess	0.000147173
Abelardo	0.000147035
Giovanni	0.000145433
Ramón	0.000145112
Christopher	0.000144334
Severino	0.000143555
Ceferino	0.000143464
Salah	0.000143189
Javi	0.000142594
Dumitru	0.000141586
Thomas	0.000141403
George	0.000141037
Younes	0.000140487
Fco	0.000140258
Braulio	0.000139663
Yoel	0.000139297
Andrea	0.00010532
Nour	4.7577E-05
Patrocinio	2.53683E-05
Loreto	8.334E-06
Elia	4.53333E-06
Ikram	3.1138E-06
Eider	2.10639E-06