Garcia	0.04868444
Rodriguez	0.030675096
Gonzalez	0.03057974
Fernandez	0.030208108
Lopez	0.02912376
Martinez	0.027827098
Sanchez	0.026977871
Perez	0.026160332
Gomez	0.016386824
Martin	0.016132118
Jimenez	0.01295836
Ruiz	0.012538415
Hernandez	0.012070679
Diaz	0.011242859
Moreno	0.010852683
Muñoz	0.009491213
Alvarez	0.009392018
Romero	0.007451937
Alonso	0.006727868
Gutierrez	0.006443914
Navarro	0.006125376
Torres	0.005780096
Dominguez	0.0052334
Ramos	0.004925859
Vazquez	0.004907088
Gil	0.004833301
Ramirez	0.004539392
Serrano	0.004496805
Blanco	0.004188549
Molina	0.00414876
Morales	0.004091078
Suarez	0.004023473
Ortega	0.00400906
Delgado	0.003956551
Castro	0.003920276
Ortiz	0.003648262
Rubio	0.00357607
Marin	0.003465683
Sanz	0.003208309
Iglesias	0.003024721
Medina	0.003003607
Nuñez	0.00296024
Garrido	0.002908316
Castillo	0.002872854
Cortes	0.002834432
Lozano	0.002724273
Guerrero	0.002682109
Santos	0.002672707
Cano	0.002636367
Prieto	0.002510917
Cruz	0.002423824
Mendez	0.002409152
Calvo	0.002399294
Vidal	0.002388753
Gallego	0.002367346
Herrera	0.00235905
Cabrera	0.002331298
Flores	0.002322091
Peña	0.002297138
Leon	0.002271729
Marquez	0.002266752
Campos	0.002247785
Vega	0.002203181
Fuentes	0.002191469
Carrasco	0.00214166
Diez	0.002115991
Reyes	0.00207682
Caballero	0.002053168
Nieto	0.002047475
Pascual	0.002033355
Aguilar	0.002026002
Santana	0.002005701
Herrero	0.00199477
Ferrer	0.001927067
Lorenzo	0.001926449
Gimenez	0.001917438
Hidalgo	0.001905628
Montero	0.001903643
Ibañez	0.001842285
Santiago	0.001820812
Mora	0.001813623
Vicente	0.001800381
Vargas	0.00178444
Arias	0.00178213
Duran	0.001778746
Benitez	0.001758185
Carmona	0.001747221
Crespo	0.001698486
Pastor	0.001692012
Soto	0.001635078
Soler	0.001608237
Roman	0.001598998
Velasco	0.001595354
Saez	0.001585724
Moya	0.001572548
Parra	0.001551206
Esteban	0.001541316
Bravo	0.001521991
Rojas	0.001518119
Gallardo	0.001517208
Pardo	0.001498566
Merino	0.001460144
Franco	0.001446773
Lara	0.001430278
Espinosa	0.001429953
Rivera	0.001412645
Rivas	0.001410823
Izquierdo	0.001407277
Casado	0.001370188
Camacho	0.001363161
Silva	0.001361177
Arroyo	0.001360526
Vera	0.001359192
Redondo	0.001355028
Segura	0.001341266
Rey	0.001341234
Luque	0.001334499
Sierra	0.001327862
Montes	0.001327765
Otero	0.001321388
Carrillo	0.001308309
Rios	0.001305577
Marcos	0.001293539
Galan	0.001289733
Mendoza	0.001285015
Soriano	0.001282478
Marti	0.001244641
Valero	0.0012436
Bernal	0.001242103
Robles	0.001239989
Vila	0.001238655
Palacios	0.001207748
Heredia	0.001198931
Guerra	0.001177296
Varela	0.001177101
Benito	0.001171082
Mateo	0.001161875
Contreras	0.001161029
Bueno	0.001158622
Exposito	0.001151042
Macias	0.001145934
Andres	0.001131424
Villar	0.001128463
Miranda	0.00112277
Pereira	0.001116719
Roldan	0.001109919
Mateos	0.001099964
Escudero	0.001097101
Guillen	0.001091342
Aguilera	0.001084283
Casas	0.001080671
Rivero	0.00105998
Rico	0.001051684
Padilla	0.001050122
Beltran	0.001037401
Gracia	0.001036198
Abad	0.001027349
Salas	0.001022566
Acosta	0.001020386
Conde	0.001013359
Quintana	0.001011342
Menendez	0.001010366
Galvez	0.001009162
Estevez	0.001004282
Jurado	0.001001322
Roca	0.001000313
Plaza	0.000999923
Calderon	0.000996734
Aranda	0.000996376
Salazar	0.000990032
Serra	0.000988178
Aparicio	0.000986519
Costa	0.000985738
Guzman	0.00097061
Bermudez	0.000967422
Miguel	0.000958214
Villanueva	0.000955124
Santamaria	0.000952489
Manzano	0.00095161
Trujillo	0.000949398
Hurtado	0.000947934
Cuesta	0.000945071
Blazquez	0.00094442
Rueda	0.000942859
Pons	0.000937751
de La Fuente	0.000931309
Tomas	0.000929162
Pacheco	0.000925095
Avila	0.000924477
Sancho	0.000912732
Mesa	0.000908763
Escobar	0.000905673
Blasco	0.000899621
Simon	0.000886087
Luna	0.000881923
Lazaro	0.000881305
Zamora	0.000878214
Salvador	0.000874701
del Rio	0.000874082
Alarcon	0.000861655
Millan	0.00085697
Castaño	0.000851504
Maldonado	0.00084786
Bermejo	0.000845778
De-La-Fuente	0.000843761
Ballesteros	0.000841419
García	0.000841288
Del-Rio	0.000838328
Paredes	0.000838328
Valverde	0.000837189
Mas	0.000829869
Anton	0.000829804
Bautista	0.00082808
Juan	0.00082551
de La Cruz	0.000823395
Ponce	0.000820597
Oliva	0.000818678
Lorente	0.000811097
Montoya	0.000807193
Valle	0.000805534
Rodrigo	0.000805013
Cordero	0.000795774
Collado	0.000788421
Marco	0.000786404
Cuenca	0.0007825
Murillo	0.0007825
Martos	0.000781329
Cuevas	0.000778986
Ros	0.000777653
de La Torre	0.000776189
Quesada	0.000773456
Pozo	0.000771959
Chen	0.000769487
de-La-Cruz	0.000763403
Puig	0.000753415
Barrera	0.00075335
Gimeno	0.000753025
Barroso	0.000750162
Amador	0.000743264
Alba	0.000737018
Ordoñez	0.000735359
Navas	0.000734773
Pulido	0.000734643
Soria	0.000732919
Corral	0.000731194
Rojo	0.000731162
Arenas	0.000730218
Cabello	0.000728885
Domingo	0.000727355
Galindo	0.000726379
Saiz	0.000722866
Valencia	0.000722573
Escribano	0.000720686
Aguado	0.000719482
Asensio	0.000717433
Mena	0.000716815
Vallejo	0.000715058
Lucas	0.000706339
de-La Torre	0.000702435
De-La-Torre	0.000702435
Ramon	0.000700743
Caro	0.000700645
Mata	0.00070032
Polo	0.000699767
Linares	0.000692577
Villalba	0.000689551
Aguirre	0.000688575
Paz	0.000685224
Naranjo	0.000685159
Reina	0.000684671
Ojeda	0.000676733
Leal	0.000675594
Oliver	0.000659913
Burgos	0.000659718
Mohamed	0.000658937
Moran	0.0006564
Carretero	0.000654187
Sosa	0.00064677
Bonilla	0.000646444
Roig	0.000643549
Andreu	0.000633561
Castellano	0.000621491
Clemente	0.000619994
Villa	0.00061544
Cordoba	0.000609063
Rosa	0.000608347
Aragon	0.000608185
Hernando	0.000603955
Carrera	0.000602686
Carrion	0.000602166
Riera	0.000601971
Calero	0.00060171
Caceres	0.000600572
Alcaraz	0.000598847
Toledo	0.000594586
Saavedra	0.00059387
Cobo	0.000592764
Domenech	0.00059156
Cardenas	0.000590226
Zapata	0.000589836
Carbonell	0.000586843
Juarez	0.000585509
Llorente	0.000584793
Chacon	0.00058219
Sola	0.000578091
Moral	0.000577733
Velazquez	0.000574089
Vela	0.000573829
Sevilla	0.000573406
Singh	0.000573309
López	0.000573178
Salgado	0.000570543
Alfonso	0.000567778
Font	0.00056768
Villegas	0.000567062
Requena	0.000566086
Barrios	0.00056511
Esteve	0.00056498
Arribas	0.000562995
Ayala	0.000562019
Correa	0.000561889
Quintero	0.000561369
Pineda	0.000558864
Olivares	0.000557562
Bosch	0.000554309
Grau	0.0005533
Prado	0.000551836
Fernández	0.000549266
Carballo	0.000544842
Salinas	0.000542336
Pelaez	0.000538693
de La Rosa	0.000537619
Ballester	0.000537326
Miralles	0.000537066
Marrero	0.000536741
González	0.00053583
Ferreira	0.000533585
Perea	0.000527957
Piñeiro	0.000526883
Luis	0.000525809
Solis	0.000525451
Cid	0.000524053
Sala	0.000523727
Sanchis	0.000523499
Pinto	0.000523109
Castilla	0.000522914
Cantero	0.000521938
Casanova	0.000521678
Cardona	0.000519823
Pérez	0.000518327
Camara	0.000515431
Palomo	0.000512828
Belmonte	0.000509965
Porras	0.000508176
Ventura	0.000505378
Baena	0.00050489
Madrid	0.000503556
Coll	0.000503491
Palma	0.000502971
Pino	0.000499457
de-La-Rosa	0.000496074
Arranz	0.000493438
Recio	0.000493211
Sánchez	0.000493015
Herranz	0.000492462
Rincon	0.000491616
Barba	0.000491454
Arevalo	0.000491226
Lago	0.000489925
Marques	0.000488005
Cobos	0.000487322
Nicolas	0.000485793
Cuadrado	0.000484654
Cervera	0.000484524
Angulo	0.000483581
Valls	0.000479709
Muñiz	0.000477302
Ochoa	0.000476716
Cabezas	0.000476618
Pujol	0.000476293
Alfaro	0.000473723
Vaquero	0.000473398
Barreiro	0.000472975
Martínez	0.000471185
Puente	0.000469071
Navarrete	0.000468908
Bello	0.000467834
Granados	0.000467476
Peralta	0.000466598
Latorre	0.000465134
Becerra	0.000463345
Velez	0.000462076
Castellanos	0.000461848
Rovira	0.000460807
Ocaña	0.000459896
Tapia	0.000458855
Vergara	0.000458757
da Silva	0.000455374
Rodríguez	0.000454951
Sastre	0.000453942
Losada	0.000453715
Estrada	0.000451828
Campo	0.000450819
Corrales	0.000450103
Egea	0.000449225
Gamez	0.000447566
Godoy	0.000445614
Garca	0.000443434
Da-Silva	0.0004421
Aznar	0.000440896
Huertas	0.000440604
Segovia	0.000440604
Fraile	0.000440083
Gonzales	0.000440051
Ruano	0.000439042
Cerezo	0.000438196
Duarte	0.000436732
Fajardo	0.000435301
Mejias	0.000434064
Guijarro	0.000433349
Valenzuela	0.0004326
Falcon	0.000431624
Morcillo	0.000430909
Cebrian	0.000430811
Catalan	0.000430713
Alcantara	0.00042785
Arjona	0.000427362
Borrego	0.000426874
del Valle	0.000426386
Carvajal	0.000425703
Barbero	0.000425671
Toro	0.000424272
Ariza	0.000424011
Wang	0.000424011
Romera	0.000422775
Ferreiro	0.000422385
Barragan	0.000421311
Sainz	0.000420726
Peinado	0.000419489
Royo	0.000418546
Lin	0.000417993
Rosales	0.000417928
Morillo	0.000416626
Melero	0.000414967
Jorge	0.00041334
Sole	0.000411974
Pavon	0.000411649
Llamas	0.000411388
Alcaide	0.000410803
Portillo	0.000410575
Real	0.000408786
Agudo	0.000407257
Barrio	0.000407094
Duque	0.000407094
Espejo	0.000406834
Lobato	0.000406834
de Miguel	0.000406281
Valdes	0.000406085
Tirado	0.000405565
Tejero	0.000405142
Gonzalo	0.000404394
Canovas	0.000404198
Gordillo	0.00040371
Figueroa	0.000402865
Criado	0.000400945
Galvan	0.00040075
Grande	0.000400587
Chamorro	0.000399156
Solano	0.000398895
Pla	0.000397431
Llorens	0.000395837
Davila	0.000395284
Dorado	0.000394243
Freire	0.0003933
Moyano	0.000392584
Saenz	0.000392063
Tena	0.000391478
Vives	0.00039125
Rosado	0.000391218
Calleja	0.000390567
Frias	0.000390046
Pizarro	0.000390014
Amaya	0.000389168
Mosquera	0.000388973
Ferrero	0.000388062
Zambrano	0.000387671
Olmedo	0.000387574
Huerta	0.000387346
Bonet	0.000386825
Serna	0.000382271
Alcalde	0.000381848
del Pozo	0.000381165
Noguera	0.000380969
Lafuente	0.000380546
Paniagua	0.000380351
Ahmed	0.000380319
Poveda	0.000379505
Mateu	0.00037944
Mira	0.000377261
Salcedo	0.000374267
Heras	0.000373975
Brito	0.000373096
Rebollo	0.000372934
Alcazar	0.00037225
Giner	0.00037173
Alcala	0.000371372
Aviles	0.000368899
Pazos	0.000367891
Llopis	0.000366752
Arce	0.00036672
Chaves	0.000366655
Alvarado	0.000365581
Salguero	0.000364898
Barranco	0.000363173
Garzon	0.000362295
Borja	0.000362067
Paez	0.000361417
Olmo	0.000360636
Zhang	0.000360376
Andrade	0.000360278
Haro	0.000359172
Piñero	0.000358879
Valiente	0.000358749
Valles	0.000356472
Fuertes	0.000355853
Cabeza	0.000355626
Bartolome	0.000354129
Abellan	0.000353478
Orozco	0.000353055
Ribas	0.000352958
Afonso	0.000352079
Borras	0.000351949
Prats	0.000351949
Laguna	0.000351722
dos Santos	0.000351657
Hervas	0.000351201
Mellado	0.000351006
del Castillo	0.000350062
Palomino	0.000349249
Maestre	0.000348598
Palomares	0.000348045
Barcelo	0.000347785
Garces	0.00034772
Souto	0.00034772
Montesinos	0.000347395
Bilbao	0.000347134
Araujo	0.000346581
Molero	0.000346451
Quiros	0.000346354
del Pino	0.000344792
Murcia	0.000343816
Dos-Santos	0.000342612
Gómez	0.000342124
Calle	0.000341669
Castello	0.000341213
Osorio	0.000341148
Osuna	0.000341083
Zaragoza	0.000340432
Carreras	0.000340205
Carreño	0.000340042
Baeza	0.000339652
Ceballos	0.000339261
Castañeda	0.000339164
Olmos	0.000338383
Leiva	0.000335845
Yañez	0.000335617
Bellido	0.000333112
Peris	0.000332592
Felipe	0.000332234
Zafra	0.000332104
Vilchez	0.000332071
Bustamante	0.000331681
Perales	0.000331356
Urbano	0.000331193
Puertas	0.0003309
Fuster	0.000329176
Pareja	0.000328362
Alegre	0.000327094
Nadal	0.000326703
Vizcaino	0.000324719
Vasquez	0.000324621
Chavez	0.000324393
Tejada	0.000324231
Luengo	0.000323905
de Castro	0.000323873
Minguez	0.000323678
Campillo	0.000323287
Gascon	0.000322181
Acevedo	0.000322116
Gago	0.000321042
Vilar	0.000320522
San Jose	0.000320457
Jaen	0.000320359
Montoro	0.000319774
Sebastian	0.000318212
Valera	0.000317073
Arcos	0.000316585
Monge	0.00031587
Ripoll	0.000314601
Tejedor	0.000313527
Ledesma	0.000313397
Sanjuan	0.000313039
Enriquez	0.000312226
Casal	0.000312161
Sarmiento	0.000311543
Tello	0.000310632
San-Jose	0.000310371
Bustos	0.000309233
Cañas	0.000309135
Verdu	0.000309135
Sobrino	0.00030907
Baños	0.000308419
Jerez	0.000307801
Cazorla	0.000307736
Ferrando	0.000307378
Li	0.000306467
Seoane	0.000306435
Armas	0.000305524
Climent	0.000304808
Conesa	0.000303344
Ferre	0.000302238
de Leon	0.000302075
Amoros	0.000301067
Montiel	0.000300806
Baez	0.000300676
Pallares	0.000300318
Tortosa	0.000300058
Martín	0.000299863
Mayor	0.000298854
Berenguer	0.000298497
Sandoval	0.000298366
Zabala	0.000297618
Mejia	0.000296772
Orellana	0.00029674
Moro	0.000296056
Jara	0.000296024
del Campo	0.000295894
Salmeron	0.000295764
Rocha	0.000295634
Lobo	0.000295308
Barea	0.000293909
Prada	0.000293096
Veiga	0.000293031
Arteaga	0.000292673
Díaz	0.000292218
Mari	0.00029199
Batista	0.000291827
Abril	0.000291697
Ayuso	0.000291437
Albert	0.000290461
Catala	0.00028994
Tamayo	0.000289908
Jordan	0.00028981
Prados	0.000289582
Fraga	0.000289517
Taboada	0.000289192
Padron	0.000288899
Barrero	0.000287858
Moreira	0.0002875
Ye	0.000287045
Bejarano	0.000286849
Manrique	0.000285613
Infante	0.000285125
Maya	0.000284637
Patiño	0.000284507
Ribera	0.000284214
Canales	0.000283889
Almeida	0.000283856
Manso	0.000283564
San Martin	0.000282555
Yuste	0.00028223
Machado	0.000282067
Galera	0.000280896
Xu	0.000280473
Peñalver	0.000279367
Alvaro	0.000279074
Maroto	0.000278293
Cerda	0.000278163
Pinilla	0.000278163
Moron	0.000277642
Dieguez	0.000277545
Perdomo	0.000277415
Barros	0.000276504
Medrano	0.000275821
Mota	0.000275821
Pedrosa	0.000274552
Segarra	0.000273315
Sampedro	0.000273088
Diego	0.000273055
Villena	0.000272437
Cifuentes	0.000272274
Lucena	0.000272112
Nogales	0.000271949
Teruel	0.000271786
del Olmo	0.000271331
Villaverde	0.000271168
Atienza	0.000270778
Miro	0.00027016
San-Martin	0.000270062
Liu	0.000269607
Jaramillo	0.000269054
Manzanares	0.000268891
Ortuño	0.000268858
Bernabeu	0.000267655
Raya	0.000266874
Balaguer	0.000266646
España	0.000266223
Macia	0.00026593
Almagro	0.000265735
Viñas	0.00026554
Ubeda	0.000265247
Novoa	0.000264759
Sevillano	0.000264336
Francisco	0.000264304
de las Heras	0.000264206
Fernndez	0.000264206
Echeverria	0.000264076
Checa	0.000262872
Miguez	0.000262547
Herreros	0.000262026
Quevedo	0.000261896
Robledo	0.000261603
Dueñas	0.000261408
de Diego	0.000260888
Iniesta	0.000260855
Morillas	0.000260302
Wu	0.000260302
Matas	0.000259293
Ibarra	0.000259066
Talavera	0.000258675
Ares	0.000258643
Lloret	0.00025861
Puerto	0.000257732
Trigo	0.000257699
Echevarria	0.000257146
Giraldo	0.000256951
Acedo	0.00025604
Pina	0.000255845
Montilla	0.000255682
Frances	0.000255129
Lujan	0.000255129
Bolaños	0.000254674
Prat	0.000254218
Snchez	0.000254153
Hermida	0.000253633
Puerta	0.00025321
Alves	0.000252624
Boix	0.000252624
Merchan	0.000252591
Caparros	0.000252559
Peral	0.000251681
Vivas	0.000251193
Badia	0.000251127
Espada	0.000251127
Granado	0.000250965
Toribio	0.000250639
Torre	0.000250314
Zamorano	0.000249891
Tovar	0.000249826
Palacio	0.000249468
Bernabe	0.00024911
Molinero	0.000248785
Camps	0.00024872
Cubero	0.000248362
Mir	0.000248362
Monzon	0.000247874
Mayo	0.000247744
Cervantes	0.000247321
Coronado	0.000247256
Arana	0.000247158
Martorell	0.000246443
Tellez	0.000246345
Montaño	0.00024628
Saura	0.00024602
Valdivia	0.000245564
Lamas	0.000245532
Barbera	0.000245174
Quiles	0.000244751
Encinas	0.00024371
Zhou	0.000243092
De-Las-Heras	0.000242018
Carro	0.00024179
Planas	0.000241205
Kaur	0.000240944
Buendia	0.000240847
Diallo	0.000240814
Melian	0.000240456
Torregrosa	0.00023922
Mayoral	0.000238439
Tome	0.000238439
Rodenas	0.000238407
Sales	0.000238277
Melendez	0.000238147
Botella	0.000238114
Mariño	0.000238081
Parrilla	0.000237756
Piqueras	0.000237203
Coca	0.000236878
De-Diego	0.000236129
Fidalgo	0.000235999
Pedraza	0.000235999
Acuña	0.000235641
Mariscal	0.000235414
Hinojosa	0.000235153
Ali	0.000234893
Peiro	0.000234828
Sanmartin	0.000234698
Revuelta	0.000234568
Palau	0.000234047
Sempere	0.000232974
Costas	0.000232941
Mestre	0.000232811
Arnau	0.000232063
de Los Santos	0.000231542
de-Los-Santos	0.000231542
Cañete	0.000231477
Picazo	0.00023138
Riquelme	0.000230794
Sabater	0.000230729
Zurita	0.000230664
Carrero	0.000229916
Martnez	0.00022985
Fariña	0.00022972
Ribes	0.000229135
Narvaez	0.000228647
Espinoza	0.000228289
Sepulveda	0.000227638
Perera	0.00022741
Cuellar	0.000226792
Ureña	0.000226304
Gamero	0.000226044
Solana	0.000225784
Pico	0.000225393
Codina	0.000225166
Romo	0.000225101
Cañadas	0.000225035
Rodrguez	0.000224743
Giron	0.000224417
Arellano	0.000224092
Andujar	0.000223734
Calatayud	0.000223702
Amor	0.000223604
Viera	0.000223571
Segui	0.000223018
Parada	0.000222303
Quiroga	0.000221977
Cespedes	0.000221782
Frutos	0.000221619
Centeno	0.000221457
Carrascosa	0.000221099
Goñi	0.000220708
Gordo	0.000220351
Nieves	0.000220188
Fuente	0.000220123
Vilches	0.000220058
Belda	0.000219928
Silvestre	0.000219895
Alamo	0.000219602
Guevara	0.000219147
Novo	0.000218919
Lema	0.000218659
Amores	0.000218529
Pellicer	0.000218203
Vegas	0.00021778
Revilla	0.00021713
Benavides	0.000216967
Rial	0.000216967
de Dios	0.000216284
Quero	0.000216251
Capdevila	0.000215959
Mera	0.000215894
Alemany	0.000215763
Chico	0.000215373
Cantos	0.00021534
Rodrigues	0.000215015
Guisado	0.000214852
Hermoso	0.000214592
Toledano	0.000214299
Colomer	0.000213876
Guardiola	0.000213649
Rosell	0.000213649
Herraiz	0.000213584
Neira	0.000213421
Adan	0.000213356
Jimeno	0.000212933
Nevado	0.000212705
Labrador	0.00021264
Antolin	0.000212608
Torralba	0.000211924
Gisbert	0.000211762
Jaime	0.000211599
Lora	0.000211306
Parejo	0.000211306
Palazon	0.000211079
Sans	0.000210851
Guirado	0.000210818
Canto	0.000210525
del Moral	0.00020994
Farre	0.000209192
Postigo	0.000209192
Ramiro	0.000209126
Hernández	0.000208443
Vico	0.000208183
Hoyos	0.000207955
Gabarri	0.000207923
Montenegro	0.000207662
Gilabert	0.000207597
Elvira	0.000207532
Figueras	0.000206849
Galiano	0.000206849
Antunez	0.000205157
Verdugo	0.000204962
Mansilla	0.000204767
Florez	0.000204702
Comas	0.000204312
Amat	0.000204181
Reig	0.000202262
Jiménez	0.000202229
Megias	0.000201969
De-Dios	0.000201904
Caamaño	0.000201871
Arnaiz	0.000201774
Uriarte	0.000201449
Garriga	0.000201318
Berrocal	0.000200765
Sousa	0.000200765
Cordon	0.000199887
Aroca	0.000199464
Abreu	0.000199431
Llanos	0.000199236
Cornejo	0.000199171
Cañizares	0.00019813
Trillo	0.000198065
Rosello	0.000197902
Cerdan	0.00019787
Rus	0.000197805
Maza	0.00019761
Cabanillas	0.000197577
Aliaga	0.000197219
Meseguer	0.000196894
Vaca	0.000196796
San Juan	0.000196666
Sacristan	0.000196568
Oliveira	0.000196146
Yague	0.000195853
Fonseca	0.000195397
Perello	0.000195365
Rio	0.000194942
Mañas	0.000194909
Samper	0.000194812
Monteagudo	0.000194454
Chaparro	0.000194194
Quiñones	0.000193933
Portela	0.000193771
Carranza	0.000193413
Betancor	0.000193348
Tudela	0.000193283
Seco	0.000193087
Castells	0.000192957
Gomis	0.000192925
Matos	0.000192599
Campoy	0.000192502
Amado	0.000191884
Barrientos	0.000191721
Zhu	0.000191591
Oviedo	0.00019081
Morera	0.000190778
Espin	0.00019068
Lillo	0.000190355
Muriel	0.000190257
Tejera	0.000190257
Cristobal	0.000190224
Jover	0.000189899
Espino	0.000189801
Plasencia	0.000189509
Candela	0.000189444
Camino	0.000189248
Mercado	0.000189118
Carpio	0.000188891
Olivera	0.0001885
Holgado	0.00018798
San Miguel	0.000187915
Bastida	0.000187752
Casals	0.000187557
Zheng	0.000186418
Julian	0.00018619
Gaspar	0.000185117
Torrejon	0.000185117
Morilla	0.000184661
Feijoo	0.000184271
Agullo	0.000183653
Guirao	0.000183425
Ruz	0.000183002
Benavente	0.000182904
Lima	0.000182872
Melgar	0.000182058
de Haro	0.000181863
Valcarcel	0.000181668
Saldaña	0.00018157
San-Juan	0.000181343