name	age	height	weight	foot	injury tolerance	position_prefered_team	positions	fifa_team	contract_valid_until	attack	defence	balance	stamina	speed	acceleration	response	agility	dribble accuracy	dribble speed	short pass accuracy	short pass speed	long pass accuracy	long pass speed	shot accuracy	shot power	shot technique	free kick accuracy	swerve	heading	jump	technique	aggression	mentality	gk skills	team work
Unai Simón Mendibil	27	190	89	R	B	GK	["GK"]	Athletic Club	2029	31	88	86	72	62	62	88	70	59	55	63	68	67	69	37	81	43	63	49	56	84	66	56	73	86	70
Andoni Gorosabel Espinosa	28	174	70	R	B	SB	["SB"]	Athletic Club	2028	76	75	75	76	79	76	80	75	77	77	79	72	77	70	61	68	66	61	68	76	79	78	80	74	50	73
Daniel Vivian Moreno	25	183	83	R	B	CBT	["CBT"]	Athletic Club	2026	56	86	84	82	85	79	88	74	76	78	81	73	67	61	63	68	64	63	62	79	88	78	63	85	50	82
Aitor Paredes Casamichana	24	186	79	R	B	CBT	["CBT"]	Athletic Club	2029	54	81	80	76	80	70	83	68	65	71	77	71	63	49	61	68	62	61	62	76	80	72	62	78	50	75
Yeray Álvarez López	29	182	79	R	B	CBT	["CBT"]	Athletic Club	2026	60	86	80	76	73	66	88	64	74	68	84	78	75	67	63	74	66	63	64	81	81	80	67	81	50	85
Mikel Vesga Arruti	31	191	86	L	B	CM	["CM","DM"]	Athletic Club	2027	77	75	89	85	66	66	79	62	75	65	80	80	76	75	78	81	74	63	66	76	75	78	78	79	50	76
Alejandro Berenguer Remiro	29	175	73	R	B	WF	["WF","SM"]	Athletic Club	2027	83	68	78	83	86	88	82	88	84	86	80	79	78	79	81	79	78	79	79	78	83	83	82	81	50	81
Oihan Sancet Tirapu	24	188	77	R	B	AM	["AM","CM","CF","SS"]	Athletic Club	2032	86	69	83	88	78	76	87	82	87	82	86	85	83	82	85	85	80	65	84	84	88	86	87	86	50	86
Iñaki Williams Arthuer	30	186	80	R	B	WF	["WF","SM","CF"]	Athletic Club	2028	87	51	86	90	95	94	86	87	85	90	80	82	77	84	85	87	81	68	83	84	96	84	86	85	50	83
Nicholas Williams Arthuer	22	181	67	R	B	WF	["WF","SM"]	Athletic Club	2027	83	42	76	85	94	95	84	94	89	92	85	83	79	83	82	81	77	78	81	73	81	88	84	76	50	78
Álvaro Djaló Dias Fernandes	25	175	65	R	B	WF	["WF","SM","AM"]	Athletic Club	2029	79	56	75	77	91	92	81	90	82	87	78	72	72	69	78	68	75	81	82	63	74	82	81	69	50	72
Gorka Guruzeta Rodríguez	28	188	80	R	B	CF	["CF"]	Athletic Club	2028	82	52	85	83	79	79	82	79	82	80	81	83	72	79	83	85	81	63	76	83	90	83	82	80	50	79
Julen Agirrezabala Astúlez	23	187	80	L	B	GK	["GK"]	Athletic Club	2027	31	82	79	71	62	62	79	67	58	55	61	68	66	69	31	81	43	61	49	55	76	65	47	63	80	67
Unai Núñez Gestoso	27	186	81	R	B	CBT	["CBT"]	Athletic Club	2025	53	80	85	74	77	70	83	64	65	69	79	72	61	53	61	68	62	61	62	80	87	73	58	77	50	75
Iñigo Lekue Martínez	31	180	70	R	B	SB	["SB"]	Athletic Club	2025	77	75	78	85	84	85	79	82	78	80	78	73	75	73	71	68	68	66	75	69	82	79	79	82	50	76
Iñigo Ruiz de Galarreta Etxeberria	31	175	69	R	B	DM	["DM","CM"]	Athletic Club	2025	80	79	82	85	73	80	82	84	82	76	83	80	81	77	68	77	75	70	77	62	75	83	82	85	50	81
Yuri Berchiche Izeta	34	181	80	L	B	SB	["SB"]	Athletic Club	2025	75	77	85	85	81	84	83	81	79	79	81	82	79	82	70	85	76	66	83	78	90	81	83	86	50	78
Óscar de Marcos Arana	35	182	78	R	B	SB	["SB"]	Athletic Club	2025	79	79	79	85	82	82	82	80	80	79	81	79	80	80	72	77	69	64	83	70	81	83	82	85	50	80
Javier Martón Ansó	25	183	72	R	B	CF	["CF"]	Athletic Club	2026	71	31	68	71	66	68	68	63	73	65	70	71	58	63	77	75	71	61	62	73	73	73	68	63	50	65
Unai Gómez Etxebarria	21	183	74	L	B	AM	["AM","CM","SM"]	Athletic Club	2028	76	43	73	71	72	71	77	75	78	74	78	75	72	69	74	73	69	61	68	73	75	79	77	69	50	73
Ander Herrera Agüera	35	182	71	R	B	CM	["CM","DM"]	Athletic Club	2025	82	80	77	83	66	70	85	73	83	71	83	81	83	79	76	79	78	73	82	72	74	84	83	84	50	83
Nicolás Serrano Galdeano	21	176	72	L	B	WF	["WF","SM"]	Athletic Club	2026	67	32	76	76	84	85	70	86	80	82	76	71	71	70	76	68	69	68	68	61	66	80	70	67	50	64
Mikel Jauregizar Alboniga	21	177	74	R	B	CM	["CM","DM"]	Athletic Club	2027	72	66	74	79	69	66	73	69	74	69	74	72	68	64	68	71	69	71	62	61	66	76	73	76	50	73
Beñat Prados Díaz	23	180	72	R	B	DM	["DM","CM","CBT"]	Athletic Club	2025	75	77	81	84	71	78	81	80	78	73	81	77	76	72	69	74	69	61	66	74	81	81	81	83	50	78
Alejandro Padilla Pérez	21	190	80	R	B	GK	["GK"]	Athletic Club	2027	31	74	76	71	62	62	76	63	58	55	61	64	62	64	30	68	43	61	49	55	71	65	39	51	74	54
Adama Boiro Boiro	22	183	76	L	B	SB	["SB","SM","WB"]	Athletic Club	2029	65	63	77	71	78	75	69	71	69	73	66	64	68	64	61	68	60	61	66	67	78	68	68	68	50	64
Oier Gastesi Serrano	21	190	76	R	B	GK	["GK"]	Athletic Club	2026	31	69	75	71	62	62	62	56	58	55	61	61	59	61	31	66	43	61	49	55	61	65	32	51	68	54
Juan Agustín Musso	30	191	93	R	B	GK	["GK"]	Atlético Madrid	2025	31	83	83	71	62	62	84	68	58	55	61	67	64	67	39	77	43	61	49	55	79	65	53	74	81	70
José María Giménez de Vargas	29	185	77	R	B	CBT	["CBT"]	Atlético Madrid	2025	55	89	87	78	77	74	87	71	72	69	81	78	69	66	63	77	63	63	62	85	90	77	59	83	50	85
César Azpilicueta Tanco	35	178	77	R	B	CBT	["CBT","SB"]	Atlético Madrid	2025	76	81	76	78	66	69	86	71	78	67	83	77	82	77	63	73	68	68	73	83	83	81	86	82	50	79
Conor Gallagher	24	182	74	R	B	CM	["CM","AM","DM"]	Atlético Madrid	2029	84	80	80	94	81	76	85	76	84	81	86	85	81	79	79	84	79	79	77	70	79	85	84	92	50	85
Rodrigo Javier de Paul	30	180	70	R	B	CM	["CM"]	Atlético Madrid	2026	83	77	81	93	79	80	85	81	85	81	87	85	84	82	81	83	81	81	86	68	80	86	85	90	50	86
Jorge Resurrección Merodio	32	176	77	R	B	DM	["DM","CM"]	Atlético Madrid	2025	83	79	81	88	73	74	85	74	84	76	88	86	87	86	76	85	76	82	86	71	78	87	85	85	50	84
Antoine Griezmann	33	176	73	L	B	CF	["CF"]	Atlético Madrid	2026	92	56	82	89	83	84	92	87	92	86	91	89	88	86	92	87	90	88	90	88	89	93	92	85	50	88
Pablo Barrios Rivas	21	181	75	R	B	CM	["CM","DM"]	Atlético Madrid	2028	77	70	73	73	82	84	81	82	82	82	83	79	74	70	75	76	73	61	66	66	78	82	78	72	50	76
Alexander Sørloth	28	195	90	L	B	CF	["CF"]	Atlético Madrid	2028	86	42	91	87	85	78	85	71	83	82	81	82	72	78	88	85	80	70	78	85	93	85	85	83	50	82
Ángel Martín Correa Martínez	29	171	68	R	B	CF	["CF","SM","WF"]	Atlético Madrid	2026	87	52	82	85	87	88	87	90	88	88	84	84	79	82	86	85	86	74	85	78	85	88	87	85	50	86
Thomas Lemar	29	171	66	L	B	CM	["CM","SM"]	Atlético Madrid	2027	84	65	77	82	80	87	83	89	86	83	85	83	84	83	81	82	82	85	87	66	74	85	83	77	50	80
Samuel Dias Lino	24	178	69	R	B	WF	["WF","SM"]	Atlético Madrid	2027	81	57	75	88	85	87	81	87	84	85	81	79	78	78	78	79	74	66	74	68	78	83	81	78	50	76
Jan Oblak	31	188	87	R	B	GK	["GK"]	Atlético Madrid	2028	31	89	86	73	62	62	90	78	60	57	63	68	68	69	36	81	43	63	49	57	83	67	56	82	90	80
Marcos Llorente Moreno	29	184	74	R	B	SM	["SM","SB","CM","WB"]	Atlético Madrid	2027	84	80	80	92	92	89	86	87	84	88	85	85	83	83	84	86	79	72	81	75	86	84	85	88	50	84
Clément Nicolas Laurent Lenglet	29	186	81	L	B	CBT	["CBT"]	Atlético Madrid	2025	65	82	79	77	66	66	82	66	73	62	84	75	73	63	62	68	64	62	65	81	81	78	71	77	50	79
Nahuel Molina Lucero	26	175	70	R	B	SB	["SB"]	Atlético Madrid	2027	82	79	73	88	87	86	84	85	83	84	84	79	80	79	75	74	74	63	73	73	79	84	82	84	50	81
Rodrigo Riquelme Reche	24	174	68	R	B	WF	["WF","SM"]	Atlético Madrid	2028	80	55	75	75	80	83	79	84	83	82	81	80	78	79	81	79	78	66	77	62	69	82	79	71	50	76
Julián Álvarez	24	170	71	R	B	CF	["CF","AM","SS"]	Atlético Madrid	2030	87	62	82	88	87	88	88	88	87	86	84	86	82	85	87	90	85	84	89	78	85	88	88	88	50	87
Axel Laurent Angel Lambert Witsel	35	186	81	R	B	CBT	["CBT"]	Atlético Madrid	2025	74	87	83	76	66	66	86	67	82	68	87	78	79	71	71	69	75	73	75	85	79	84	79	77	50	83
Javier Galán Gil	30	172	70	L	B	SB	["SB","SM","WB"]	Atlético Madrid	2026	75	78	74	81	80	83	80	81	82	82	82	79	81	79	61	76	68	76	76	78	83	82	80	82	50	75
Giuliano Simeone Baldini	21	173	75	R	B	CF	["CF"]	Atlético Madrid	2028	79	31	84	81	87	86	77	85	76	81	74	74	63	70	78	74	71	61	62	75	89	77	77	81	50	77
Reinildo Isnard Mandava	30	180	73	L	B	SB	["SB","CBT"]	Atlético Madrid	2025	78	78	79	86	87	85	82	82	81	82	81	73	75	72	68	68	66	63	73	82	90	81	82	85	50	78
Robin Le Normand	28	187	80	R	B	CBT	["CBT"]	Atlético Madrid	2029	56	87	88	77	74	73	86	67	73	68	85	75	69	53	63	68	64	63	62	88	90	80	59	79	50	80
Ilias Kostis Ηλίας Κωστής	21	192	83	L	B	CBT	["CBT","SB"]	Atlético Madrid	2027	65	69	85	71	67	66	74	62	65	64	68	65	61	56	61	68	60	61	62	74	80	67	73	71	50	61
Aitor Gismera Monge	20	182	76	R	B	CM	["CM"]	Atlético Madrid	2026	62	54	67	71	66	69	65	65	65	63	71	67	61	56	61	68	61	61	62	61	66	69	65	66	50	65
Javier Serrano Martínez	21	178	73	R	B	DM	["DM","CM","CBT"]	Atlético Madrid	2025	68	64	75	72	70	78	72	71	70	68	71	67	65	59	66	68	63	61	62	63	72	71	68	74	50	71
Antonio Gomis Alemañ	21	186	80	L	B	GK	["GK"]	Atlético Madrid	2025	31	73	75	71	62	62	76	64	58	55	61	64	62	64	32	69	43	61	49	55	71	65	45	61	73	62
Gerónimo Spina	19	187	76	R	B	CBT	["CBT"]	Atlético Madrid	2027	48	66	66	71	66	66	68	65	68	64	71	68	63	49	61	68	61	61	62	74	72	71	49	66	50	63
Iván Villar Martínez	27	186	76	R	B	GK	["GK"]	Celta de Vigo	2027	31	78	77	71	62	62	80	65	58	55	61	66	64	66	34	75	43	61	49	55	73	65	51	68	77	66
Carl Anders Theodor Starfelt	29	187	80	R	B	CBT	["CBT"]	Celta de Vigo	2027	52	78	79	79	81	75	78	74	74	77	77	71	65	50	61	68	63	61	62	78	85	75	58	80	50	77
Óscar Mingueza García	25	184	75	R	B	SB	["SB","CBT","SM","WB"]	Celta de Vigo	2026	73	74	77	83	85	79	78	78	77	79	81	79	78	77	61	76	70	74	76	78	85	79	76	80	50	74
Sergio Carreira Vilariño	24	170	65	R	B	SB	["SB","SM","WB"]	Celta de Vigo	2025	66	67	72	73	68	72	76	71	71	67	75	70	68	68	61	68	62	61	62	72	66	74	76	68	50	63
Moriba Kourouma Kourouma	21	185	73	R	B	CM	["CM","AM"]	Celta de Vigo	2025	74	66	67	77	74	72	76	72	80	77	78	77	67	63	78	77	70	61	62	72	74	79	76	74	50	73
Borja Iglesias Quintas	31	187	86	R	B	CF	["CF"]	Celta de Vigo	2025	84	46	86	73	68	67	83	65	81	74	81	82	67	71	83	85	79	73	62	83	87	83	83	74	50	80
Francisco José Beltrán Peinado	25	165	64	R	B	DM	["DM","CM"]	Celta de Vigo	2026	73	78	75	73	66	67	79	74	79	70	85	76	80	71	63	68	69	65	62	68	71	80	78	74	50	76
Anastasios Douvikas Αναστάσιος Δουβίκας	25	186	76	R	B	CF	["CF"]	Celta de Vigo	2028	79	38	78	83	82	85	76	82	78	79	75	76	69	72	79	78	73	61	65	75	85	78	76	75	50	72
Iago Aspas Juncal	37	176	67	L	B	CF	["CF"]	Celta de Vigo	2025	89	42	71	76	85	81	88	84	89	87	83	83	82	84	91	85	86	86	82	82	83	89	88	75	50	83
Franco Emanuel Cervi	30	166	62	L	B	WF	["WF","SM"]	Celta de Vigo	2026	79	60	79	81	90	90	77	92	79	84	79	76	75	74	76	73	70	80	81	61	66	80	77	79	50	77
Alfonso González Martínez	25	172	63	R	B	WF	["WF","SM","CF"]	Celta de Vigo	2025	68	42	74	71	80	78	68	76	73	77	69	66	68	66	73	68	67	61	62	67	72	71	68	65	50	67
Vicente Guaita Panadero	37	190	80	R	B	GK	["GK"]	Celta de Vigo	2025	31	82	80	71	62	62	82	75	58	56	62	68	66	69	34	81	43	62	49	56	78	66	52	75	82	72
Luca Daniel de la Torre	26	177	63	R	B	CM	["CM","SM"]	Celta de Vigo	2026	75	67	75	89	66	76	73	78	78	70	79	72	78	70	72	68	66	68	71	61	66	78	73	77	50	72
Joseph Aidoo	29	181	80	R	B	CBT	["CBT"]	Celta de Vigo	2026	52	79	92	83	82	74	83	73	65	72	77	71	60	53	61	68	60	61	62	81	90	67	57	85	50	79
Jaílson Marques Siqueira	29	187	75	R	B	CBT	["CBT","DM","CM"]	Celta de Vigo	2025	69	72	79	80	73	77	72	74	72	71	76	73	66	65	61	72	62	61	62	72	83	73	71	79	50	71
Jonathan Bamba	28	175	70	R	B	SM	["SM","CM","WF"]	Celta de Vigo	2026	79	43	76	81	85	86	80	85	83	84	79	80	77	80	76	82	77	74	79	70	79	82	80	76	50	76
Pablo Durán Fernández	23	176	74	R	B	CF	["CF"]	Celta de Vigo	2027	66	43	72	71	76	74	69	69	66	69	68	66	62	58	70	68	62	61	62	68	73	68	69	65	50	62
Williot Theo Swedberg	20	185	75	R	B	WF	["WF","SM","CM"]	Celta de Vigo	2027	74	61	67	81	73	78	74	82	77	74	78	73	71	67	77	69	71	62	68	68	71	78	74	73	50	72
Marcos Alonso Mendoza	33	188	84	L	B	SB	["SB","CBT","SM","WB"]	Celta de Vigo	2025	81	76	75	80	66	66	82	68	82	68	85	85	83	85	76	85	80	85	86	83	80	83	82	80	50	80
Mihailo Ristić	29	180	73	L	B	SB	["SB"]	Celta de Vigo	2026	74	69	71	81	78	79	75	76	79	78	76	80	74	82	67	86	69	61	68	71	79	79	75	75	50	70
Javier Manquillo Gaitán	30	178	76	R	B	SB	["SB","SM","WB"]	Celta de Vigo	2025	73	75	69	71	68	69	78	70	78	72	76	74	74	76	61	74	64	61	76	71	72	78	72	71	50	67
Tadeo Allende	25	183	78	R	B	WF	["WF","SM","CF"]	Celta de Vigo	2028	75	41	79	83	85	80	72	75	77	80	74	80	72	78	75	87	77	65	62	76	85	78	72	75	50	72
Carlos Domínguez Cáceres	23	187	71	L	B	CBT	["CBT"]	Celta de Vigo	2026	56	76	68	71	74	68	76	63	65	68	75	70	62	60	61	68	62	61	62	77	77	74	61	72	50	70
Damián Rodríguez Sousa	21	180	75	L	B	CM	["CM","DM"]	Celta de Vigo	2028	70	67	68	77	74	69	70	70	71	70	77	74	71	68	61	72	62	66	62	65	67	74	70	76	50	72
Marc Vicente Vidal Girona	24	185	75	R	B	GK	["GK"]	Celta de Vigo	2028	31	69	72	71	62	62	70	61	58	55	61	65	63	65	29	71	43	61	49	55	68	65	40	55	71	59
César Fernández Gonzalez	20	181	74	R	B	GK	["GK"]	Celta de Vigo	2025	31	68	70	71	62	62	66	57	58	55	61	62	61	62	31	66	43	61	49	55	62	65	37	55	68	55
Hugo Álvarez Antúnez	21	176	72	R	B	WF	["WF","SM","AM"]	Celta de Vigo	2025	70	54	66	71	71	72	72	71	74	72	76	71	72	68	68	68	65	61	62	61	66	74	72	63	50	68
Javier Rodríguez Galiano	21	180	73	R	B	SB	["SB","CBT"]	Celta de Vigo	2028	63	64	68	71	66	68	66	64	69	65	67	65	65	65	61	68	61	61	62	66	67	71	66	67	50	62
Hugo Sotelo Gómez	20	180	75	R	B	CM	["CM","SM"]	Celta de Vigo	2028	74	59	66	71	70	71	77	68	73	71	68	66	67	62	71	68	65	61	62	61	66	72	77	67	50	70
Yoel Lago Amil	20	185	76	R	B	CBT	["CBT"]	Celta de Vigo	2027	47	65	66	71	68	67	63	62	65	65	65	64	58	51	61	68	56	61	62	68	68	65	46	63	50	59
Antonio Sivera Salvá	28	185	79	R	B	GK	["GK"]	Deportivo Alavés	2027	31	79	78	71	62	64	81	73	58	57	61	68	65	69	36	80	43	61	49	55	77	65	51	69	79	66
Manuel Sánchez de la Peña	24	171	66	L	B	SB	["SB","SM","WB"]	Deportivo Alavés	2025	68	72	71	78	74	79	78	76	75	73	76	71	69	67	61	68	63	61	62	70	73	76	73	75	50	68
Aleksandar Sedlar	32	180	79	R	B	CBT	["CBT","DM"]	Deportivo Alavés	2025	67	75	83	78	66	66	79	70	65	60	74	69	62	52	61	68	61	61	62	75	77	70	79	79	50	68
Abdelkabir Abqar عبد الكبير أبقار	25	188	80	R	B	CBT	["CBT"]	Deportivo Alavés	2025	52	79	77	72	66	66	78	62	66	64	76	70	61	53	61	68	63	61	62	78	76	76	55	73	50	69
Ander Guevara Lajo	27	180	73	R	B	CM	["CM","DM"]	Deportivo Alavés	2027	75	75	72	82	66	66	80	69	77	65	81	74	74	64	75	68	70	68	67	64	66	80	80	78	50	75
Carlos Vicente Robles	25	179	69	R	B	WF	["WF","SM"]	Deportivo Alavés	2027	75	37	72	78	83	85	76	75	79	81	77	75	76	76	77	74	72	63	69	64	74	80	76	68	50	71
Antonio Blanco Conde	24	176	68	R	B	DM	["DM","CM"]	Deportivo Alavés	2027	74	72	66	78	66	66	78	66	75	64	80	73	69	58	66	68	68	72	62	61	66	78	76	77	50	77
Asier Villalibre Molina	27	184	87	L	B	CF	["CF"]	Deportivo Alavés	2028	73	46	93	76	78	77	71	76	76	76	74	79	58	70	79	86	74	61	66	79	92	77	71	74	50	70
Tomás José Conechny	26	176	65	L	B	WF	["WF","SM","CF"]	Deportivo Alavés	2028	74	37	76	80	91	91	72	91	80	86	74	74	73	74	79	76	76	61	62	81	94	79	72	74	50	72
Antonio Martínez López	27	187	84	R	B	CF	["CF"]	Deportivo Alavés	2028	80	31	85	78	73	72	80	72	78	75	75	78	62	70	81	83	77	61	62	78	85	78	80	77	50	76
Álvaro Santiago Mouriño González	22	183	76	R	B	CBT	["CBT","SB"]	Deportivo Alavés	2029	65	70	83	76	75	71	73	71	65	68	69	66	59	54	61	68	57	61	62	76	85	65	73	78	50	69
Jesús Lázaro Owono Ngua Akeng	23	181	75	R	B	GK	["GK"]	Deportivo Alavés	2026	31	72	72	71	62	62	72	63	58	55	61	64	62	64	32	70	43	61	49	55	70	65	43	60	73	62
Facundo Nahuel Tenaglia	28	181	70	R	B	SB	["SB","CBT"]	Deportivo Alavés	2027	73	75	80	83	75	75	79	76	76	76	76	70	72	67	61	68	63	61	62	78	85	75	78	83	50	76
Carlos Martín Domínguez	22	180	74	R	B	CF	["CF"]	Deportivo Alavés	2025	72	33	73	71	84	78	73	78	76	79	70	71	66	72	79	74	69	70	68	68	77	77	73	66	50	67
Hugo Novoa Ramos	21	182	69	R	B	SM	["SM","SB","WB"]	Deportivo Alavés	2029	74	54	72	71	91	86	73	85	78	85	66	67	65	68	77	71	70	61	62	71	76	78	73	63	50	68
Enrique García Martínez	35	186	79	R	B	CF	["CF"]	Deportivo Alavés	2025	81	48	81	71	66	66	78	66	79	68	78	79	65	71	80	79	78	68	62	80	82	79	78	72	50	77
Jon Guridi Aldalur	29	179	70	L	B	AM	["AM","CM","DM"]	Deportivo Alavés	2026	75	63	73	71	67	71	76	74	81	74	81	74	73	62	77	68	70	61	62	61	66	80	76	65	50	71
Juan Diego Molina Martínez	31	178	71	R	B	WF	["WF","SM","CF","AM","SS"]	Deportivo Alavés	2027	78	52	78	77	76	78	75	81	79	78	76	77	73	75	82	79	74	71	71	71	80	79	75	73	50	76
Luka Romero Bezzana	20	165	64	L	B	WF	["WF","SM"]	Deportivo Alavés	2025	73	55	78	75	79	85	73	87	78	79	76	75	72	74	71	76	69	66	62	61	66	78	73	75	50	74
Abderrahman Rebbach	26	176	72	R	B	WF	["WF","SM","AM"]	Deportivo Alavés	2028	70	41	76	71	76	74	68	72	78	77	75	77	74	78	79	81	68	61	62	65	75	77	68	71	50	71
Moussa Diarra	24	185	73	L	B	SB	["SB","CBT"]	Deportivo Alavés	2028	68	73	75	78	68	73	77	70	69	68	75	70	65	63	61	68	61	61	62	72	78	70	75	78	50	67
Carlos Nahuel Benavidez Protesoni	26	185	77	R	B	DM	["DM","CM"]	Deportivo Alavés	2026	66	72	74	76	70	74	77	71	73	70	75	71	69	68	61	69	63	61	62	74	78	75	75	79	50	73
Joan Jordán Moreno	30	184	74	R	B	CM	["CM","DM"]	Deportivo Alavés	2025	80	72	78	82	66	66	81	68	81	71	83	82	79	78	79	82	75	84	84	62	67	81	81	82	50	81
Tomás Alage Mendes Mendes	20	179	72	R	B	CM	["CM","DM"]	Deportivo Alavés	2027	69	52	68	71	68	69	70	66	68	66	68	66	62	55	66	68	62	61	62	61	66	69	70	67	50	68
Eneko Ortiz Díaz	21	180	75	L	B	SB	["SB"]	Deportivo Alavés	2025	65	60	68	74	74	80	68	76	66	68	67	65	64	62	61	68	60	61	62	66	74	68	68	73	50	66
Adrián Hernández Hernández	22	190	80	R	B	CBT	["CBT"]	Deportivo Alavés	2026	47	66	73	71	66	66	63	62	65	64	65	64	58	50	61	68	56	61	62	65	69	65	47	63	50	56
Julen Lartitegi Ugarte	21	184	76	R	B	WF	["WF","SM"]	Deportivo Alavés	2025	61	35	66	71	77	76	63	69	65	69	63	63	61	64	65	68	58	65	62	61	66	65	57	63	50	64
Joan García Pons	23	191	79	R	B	GK	["GK"]	Espanyol	2028	31	80	79	71	62	62	81	67	58	55	61	68	66	68	30	79	43	61	49	55	76	65	50	74	81	71
Sergi Gómez Solà	32	185	80	R	B	CBT	["CBT"]	Espanyol	2025	62	78	79	71	74	68	78	64	69	68	75	70	66	59	61	68	62	61	62	78	82	73	67	73	50	75
Marash Kumbulla	24	191	78	R	B	CBT	["CBT"]	Espanyol	2025	57	79	79	72	66	66	79	64	68	64	71	68	63	57	61	68	61	61	62	82	84	71	64	76	50	75
Fernando Calero Villa	29	183	71	R	B	CBT	["CBT","DM"]	Espanyol	2026	67	74	77	71	67	69	78	71	72	67	76	71	72	65	61	68	62	61	66	78	81	74	78	73	50	71
Leandro Daniel Cabrera Sasía	33	190	82	L	B	CBT	["CBT","SB"]	Espanyol	2025	67	75	85	78	66	66	79	62	65	61	68	73	68	74	61	79	59	61	62	81	85	65	79	80	50	69
Javier Puado Díaz	26	177	69	R	B	CF	["CF","SM","WF"]	Espanyol	2025	81	52	78	84	86	85	80	85	80	83	79	79	72	76	82	79	75	61	66	79	88	80	80	78	50	76
Eduardo Expósito Jaén	28	178	68	R	B	CM	["CM","DM","AM"]	Espanyol	2027	78	73	74	78	69	71	78	75	79	74	79	79	77	76	78	79	76	71	79	68	72	79	78	78	50	78
Alejo Véliz	21	186	77	R	B	CF	["CF"]	Espanyol	2025	79	35	79	76	77	75	78	71	76	75	72	74	61	68	79	79	73	64	62	83	90	78	78	79	50	76
Pol Lozano Vizuete	25	177	62	R	B	DM	["DM","CM"]	Espanyol	2027	73	71	74	83	74	70	76	74	74	71	76	76	76	76	63	77	67	64	68	63	68	76	76	81	50	75
Pere Milla Peña	32	184	72	L	B	CF	["CF","SM","SB","WB"]	Espanyol	2027	78	54	68	83	76	78	77	78	78	76	77	77	75	77	78	79	74	72	73	78	80	78	77	76	50	74
Álvaro Tejero Sacristán	28	174	69	R	B	SB	["SB","SM","WB"]	Espanyol	2025	74	67	75	88	83	83	73	83	77	79	77	76	76	77	71	76	70	78	77	65	75	77	73	79	50	74
Fernando Pacheco Flores	32	186	81	L	B	GK	["GK"]	Espanyol	2026	31	77	80	71	62	62	78	71	58	55	61	65	63	65	37	73	43	61	49	55	75	65	51	73	77	70
Brian Oliván Herrero	30	177	73	L	B	SB	["SB"]	Espanyol	2025	72	69	73	85	81	81	73	76	75	76	78	74	75	74	66	70	68	70	78	68	79	78	73	85	50	76
José Gragera Amado	24	186	78	R	B	DM	["DM","CM","CBT"]	Espanyol	2028	67	75	81	77	70	68	79	69	73	69	76	71	70	67	61	68	64	61	68	77	83	76	78	76	50	72
Walid Cheddira	26	187	80	R	B	CF	["CF"]	Espanyol	2025	78	48	88	76	84	82	76	78	74	78	73	75	71	75	79	79	72	61	62	74	89	75	76	70	50	72
Jofre Carreras Pagès	23	175	70	R	B	WF	["WF","SM"]	Espanyol	2029	76	47	71	72	85	85	75	83	78	82	76	76	74	76	75	77	72	61	74	68	76	78	75	71	50	74
Álvaro Aguado Méndez	28	174	66	R	B	CM	["CM","DM"]	Espanyol	2025	74	67	73	85	77	79	76	79	78	77	79	74	78	73	71	69	72	68	77	63	73	78	76	73	50	71
Salvador Sánchez Ponce	33	175	64	R	B	WF	["WF","SM"]	Espanyol	2025	72	42	74	71	85	85	72	83	74	79	73	71	72	71	71	70	69	68	74	61	66	74	72	66	50	69
Alex Král	26	187	80	R	B	DM	["DM","CM"]	Espanyol	2025	76	74	80	83	79	76	78	77	80	79	78	80	75	77	73	82	76	62	71	77	85	80	78	82	50	78
Carlos Romero Serrano	23	180	70	L	B	SB	["SB","SM","CBT","WB"]	Espanyol	2025	74	68	70	80	79	79	73	79	78	78	78	75	76	75	67	73	67	72	77	68	76	78	73	74	50	73
Omar El Hilali عمر الهلالي	21	183	75	R	B	SB	["SB","CBT"]	Espanyol	2027	67	73	76	79	81	84	76	81	73	76	74	69	73	67	61	68	62	61	69	74	85	74	76	79	50	72
Irvin Cardona	27	185	76	R	B	CF	["CF","SM","WF"]	Espanyol	2025	77	36	75	74	91	79	76	76	77	84	76	77	69	75	78	80	76	67	73	78	85	78	76	69	50	72
José Luis Català Vázquez	20	188	76	R	B	CBT	["CBT"]	Espanyol	2026	53	69	68	71	70	68	70	64	65	66	70	68	63	55	61	68	59	61	62	68	72	66	57	69	50	65
Antoniu Roca Vives	22	178	67	R	B	WF	["WF","SM"]	Espanyol	2026	70	47	68	73	85	87	70	86	72	78	71	67	69	67	69	68	63	61	65	64	74	72	70	72	50	70
Omar Sadik عمر صديق	20	185	80	L	B	CF	["CF"]	Espanyol	2027	70	34	69	71	77	68	68	69	68	71	70	68	61	60	71	68	64	61	62	71	73	70	68	67	50	65
Ángel Fortuño Viñas	23	183	77	R	B	GK	["GK"]	Espanyol	2027	31	71	74	71	62	62	72	61	58	55	61	64	62	64	32	69	43	61	49	55	68	65	45	63	71	64
Marc Jurado Gómez	20	178	65	R	B	SB	["SB","SM","WB"]	Espanyol	2028	69	62	74	71	79	79	68	81	70	74	71	68	70	69	64	68	61	63	70	62	68	70	68	66	50	68
Rafel Bauzà Sureda	19	183	74	R	B	DM	["DM","CM"]	Espanyol	2026	64	65	68	71	69	68	70	65	69	68	70	67	65	61	61	68	61	61	62	66	69	70	69	71	50	67
Joan Puig Mateos	22	184	75	L	B	SB	["SB","CBT"]	Espanyol	2025	65	62	68	71	79	79	68	76	69	72	69	66	66	64	61	68	61	61	62	66	75	69	68	69	50	66
Naci Ünüvar	21	168	63	R	B	WF	["WF","SM","AM"]	Espanyol	2025	69	47	73	71	66	75	71	77	78	71	75	71	73	70	71	68	68	73	78	61	66	79	71	63	50	69
Alex Almansa López	21	186	76	L	B	WF	["WF","SM"]	Espanyol	2026	68	45	68	71	81	85	66	83	71	75	71	67	69	67	68	68	62	61	64	66	78	71	66	67	50	67
Justin Smith	21	188	79	R	B	DM	["DM","CM"]	Espanyol	2026	62	63	75	71	66	66	65	63	67	60	71	68	63	59	61	68	61	61	62	68	72	69	65	70	50	65
Llorenç Serred Martínez	19	186	76	R	B	GK	["GK"]	Espanyol	2027	31	68	73	71	62	62	69	60	58	55	61	63	61	63	31	66	43	61	49	55	66	65	42	58	68	58
Marc-André ter Stegen	32	187	85	R	B	GK	["GK"]	FC Barcelona	2028	31	90	86	73	62	62	93	71	61	55	72	76	75	75	39	90	43	64	49	58	84	68	56	84	89	82
Pau Cubarsí Paredes	17	182	75	R	B	CBT	["CBT"]	FC Barcelona	2026	60	79	68	74	74	70	79	70	78	74	82	74	68	49	61	68	65	61	62	81	80	80	65	74	50	74
Alejandro Balde Martínez	21	175	69	L	B	SB	["SB","SM","WB"]	FC Barcelona	2028	76	77	73	81	92	91	84	88	84	87	85	75	81	73	63	68	66	63	62	76	83	84	84	71	50	71
Ronald Federico Araújo da Silva	25	188	79	R	B	CBT	["CBT","SB"]	FC Barcelona	2026	74	83	89	79	88	79	88	71	72	75	81	76	72	68	68	73	62	63	62	88	93	76	88	84	50	76
Íñigo Martínez Berridi	33	182	76	L	B	CBT	["CBT"]	FC Barcelona	2025	66	86	85	76	76	74	85	73	71	69	81	82	75	72	63	84	71	78	76	85	89	80	71	82	50	82
Pablo Martín Páez Gavira	20	173	70	R	B	CM	["CM","WF","SM"]	FC Barcelona	2026	86	68	79	87	79	80	88	84	88	83	87	76	81	68	78	68	73	63	78	63	68	88	88	87	50	86
Ferran Torres García	24	184	77	R	B	WF	["WF","SM","CF"]	FC Barcelona	2027	85	40	77	78	84	88	84	87	84	84	81	81	82	81	83	82	80	70	79	81	86	84	84	72	50	77
Pedro González López	22	174	60	R	B	CM	["CM","WF","SM"]	FC Barcelona	2026	86	72	84	90	79	82	90	86	90	84	90	81	83	73	79	73	75	72	82	63	77	90	90	81	50	82
Robert Lewandowski	36	185	81	R	B	CF	["CF"]	FC Barcelona	2026	92	45	90	83	79	79	92	80	91	83	88	88	81	85	93	90	88	88	82	91	93	93	92	84	50	88
Anssumane Fati Vieira	22	178	66	R	B	AM	["AM","SM","CF","SS","WF"]	FC Barcelona	2027	80	36	76	72	89	92	79	91	84	86	79	78	77	76	82	79	78	78	79	71	75	84	79	67	50	74
Raphael Dias Belloli	27	176	68	L	B	WF	["WF","SM"]	FC Barcelona	2027	87	56	76	88	92	91	87	90	89	90	85	85	83	85	84	85	82	83	84	80	85	88	87	85	50	85
Ignacio Peña Sotorres	25	184	78	R	B	GK	["GK"]	FC Barcelona	2026	31	78	77	71	62	62	79	67	58	55	61	68	68	69	30	80	43	61	49	55	73	65	49	66	77	65
Pablo Torre Carral	21	173	63	R	B	AM	["AM","SM","CM"]	FC Barcelona	2026	75	51	75	76	74	79	75	82	80	76	81	74	79	73	72	68	70	82	79	61	66	80	75	67	50	72
Andreas Bødtker Christensen	28	187	82	R	B	CBT	["CBT","DM"]	FC Barcelona	2026	71	84	81	79	79	66	88	66	79	76	86	76	73	60	63	68	66	63	62	84	83	83	87	80	50	73
Fermín López Marín	21	174	64	R	B	CM	["CM","WF","SM","AM"]	FC Barcelona	2029	82	58	75	76	77	79	80	82	81	79	81	78	69	65	81	74	72	65	62	80	74	81	80	71	50	76
Marc Casadó Torras	21	172	66	R	B	DM	["DM","CM","SB"]	FC Barcelona	2028	71	69	67	71	66	68	72	68	77	68	80	74	69	62	68	68	67	61	67	68	67	79	71	68	50	71
Pau Víctor Delgado	23	184	77	R	B	CF	["CF","AM","SS"]	FC Barcelona	2029	68	52	72	71	79	80	68	80	73	75	71	70	66	66	71	70	66	65	66	68	79	73	68	72	50	71
Lamine Yamal Nasraoui Ebana لامين يامال نصراوي إبانا	17	180	72	L	B	WF	["WF","SM"]	FC Barcelona	2026	84	33	72	72	84	86	84	88	88	86	85	83	79	83	83	83	76	73	84	63	66	88	84	65	50	77
Daniel Olmo Carvajal	26	179	72	R	B	AM	["AM","CM"]	FC Barcelona	2030	87	55	77	74	74	81	88	85	89	82	89	85	84	82	84	82	85	81	79	63	66	89	88	69	50	79
Frenkie de Jong	27	181	74	R	B	CM	["CM","DM"]	FC Barcelona	2026	85	76	79	90	85	83	90	86	90	87	92	82	87	77	79	73	78	73	86	79	85	90	90	85	50	85
Jules Olivier Koundé	26	180	75	R	B	SB	["SB","CBT"]	FC Barcelona	2027	76	85	83	83	85	87	88	81	81	82	85	75	80	69	63	68	65	63	69	84	91	82	88	83	50	75
Eric García Martret	23	182	76	R	B	CBT	["CBT","DM","SB"]	FC Barcelona	2026	69	80	76	73	73	66	83	68	77	72	85	75	74	61	62	68	65	62	70	80	79	81	82	77	50	74
Wojciech Tomasz Szczęsny	34	196	90	R	B	GK	["GK"]	FC Barcelona	2025	31	88	85	73	62	62	90	74	60	55	64	67	72	67	36	78	43	63	49	57	81	67	55	79	87	74
Ander Astralaga Aranguren	20	190	77	R	B	GK	["GK"]	FC Barcelona	2025	31	70	77	71	62	62	69	59	58	55	61	64	62	64	30	68	43	61	49	55	65	65	42	61	69	61
Marc Bernal Casas	17	191	78	L	B	DM	["DM","CM"]	FC Barcelona	2026	69	62	73	71	70	68	71	73	73	69	78	72	69	63	61	68	63	61	62	61	66	76	65	66	50	70
Héctor Fort García	18	185	78	R	B	SB	["SB","CBT"]	FC Barcelona	2026	64	66	73	71	79	74	70	71	68	71	71	68	72	67	61	68	61	61	62	71	74	70	68	72	50	67
Gerard Martín Langreo	22	186	76	L	B	SB	["SB","CBT"]	FC Barcelona	2025	64	65	71	71	74	74	74	68	67	68	68	70	64	71	61	74	61	68	62	73	75	68	71	70	50	63
Sergi Domínguez Viloria	19	188	78	R	B	CBT	["CBT"]	FC Barcelona	2027	46	68	75	71	67	67	67	62	65	64	65	64	58	49	61	68	59	61	62	67	74	65	45	65	50	58
Andrés Cuenca Cejudo	17	181	72	L	B	CBT	["CBT"]	FC Barcelona	2026	47	72	68	71	68	69	73	68	65	65	71	67	62	50	61	68	60	61	62	67	68	68	46	67	50	64
Rubén López Durán	20	175	70	L	B	CM	["CM"]	FC Barcelona	2025	63	58	72	71	68	68	67	64	66	66	73	68	65	61	61	68	59	61	62	71	67	66	67	71	50	68
Jiří Letáček	25	196	98	R	B	GK	["GK"]	Getafe	2028	31	75	85	71	62	62	76	64	58	55	61	64	62	64	36	70	43	61	49	55	75	65	44	62	75	60
Dakonam Ortega Djené	32	178	72	R	B	CBT	["CBT","CM","SB","DM"]	Getafe	2025	73	77	79	78	70	75	82	75	74	69	81	76	73	69	62	73	64	62	62	78	85	78	81	82	50	75
Fabrizio Germán Angileri	30	185	73	L	B	SB	["SB"]	Getafe	2026	75	68	81	82	79	79	73	78	74	76	73	79	75	81	68	87	74	76	81	71	83	75	73	79	50	76
Juan Berrocal González	24	184	72	R	B	CBT	["CBT"]	Getafe	2027	53	77	80	79	68	66	76	66	65	65	73	68	62	54	61	68	61	61	62	74	77	69	59	77	50	71
Luis Milla Manzanares	30	175	67	R	B	CM	["CM","DM"]	Getafe	2027	81	77	77	85	73	77	84	75	81	76	83	81	82	79	76	79	74	81	79	62	72	82	83	82	50	81
Christantus Ugonna Uche Uche	21	190	80	R	B	CF	["CF","DM"]	Getafe	2028	73	66	85	83	76	72	73	72	75	75	73	74	64	61	73	76	64	61	62	77	87	76	73	81	50	73
Alejandro Sola López-Ocaña	25	178	75	R	B	SM	["SM","SB","WB"]	Getafe	2027	72	65	73	87	80	82	72	78	77	78	76	70	73	68	74	68	64	61	67	70	79	77	72	82	50	72
Mauro Wilney Arambarri Rosa	29	175	74	R	B	DM	["DM","CM"]	Getafe	2028	73	79	80	83	66	72	81	72	79	69	80	82	75	77	66	85	76	76	79	70	79	80	80	83	50	76
Borja Mayoral Moya	27	182	74	R	B	CF	["CF"]	Getafe	2027	84	44	76	73	75	74	81	75	82	77	81	82	73	76	85	83	80	76	76	86	86	83	81	68	50	75
Bertuğ Özgür Yıldırım	22	186	78	R	B	CF	["CF"]	Getafe	2025	72	41	79	73	77	71	68	70	72	72	70	71	58	59	73	74	66	61	62	76	81	76	68	74	50	72
Carles Aleñá Castillo	26	180	73	L	B	CM	["CM","SM","AM"]	Getafe	2026	81	64	71	71	72	73	80	75	80	75	78	75	75	72	75	73	72	71	74	61	66	81	80	68	50	75
Allan-Roméo Nyom	36	189	80	R	B	SB	["SB","CBT","SM","WB"]	Getafe	2025	78	71	87	81	80	78	76	68	74	75	75	76	73	74	63	78	68	61	75	73	86	76	75	84	50	81
David Soria Solís	31	192	85	R	B	GK	["GK"]	Getafe	2026	31	84	85	71	62	62	85	71	58	55	62	67	65	67	40	77	43	62	49	56	82	66	54	76	83	71
Omar Federico Alderete Fernández	27	188	77	L	B	CBT	["CBT"]	Getafe	2028	67	82	84	77	69	68	81	71	75	72	76	76	70	71	65	78	68	63	62	82	86	75	72	79	50	77
Diego Rico Salguero	31	183	78	L	B	SB	["SB"]	Getafe	2026	78	78	83	78	78	76	83	72	79	78	83	81	81	82	61	79	71	80	79	76	85	79	79	78	50	79
Carles Pérez Sayol	26	173	75	L	B	WF	["WF","SM"]	Getafe	2025	79	45	78	71	82	84	80	84	84	82	80	83	73	80	78	87	78	73	68	70	79	85	80	68	50	72
Álvaro Daniel Rodríguez Muñoz	20	193	81	L	B	CF	["CF","WF","SM"]	Getafe	2025	70	31	69	71	73	72	70	70	72	72	73	71	65	70	72	70	66	61	62	80	82	71	70	63	50	66
Peter Federico González Carmona	22	180	71	L	B	WF	["WF","SM"]	Getafe	2028	72	46	72	71	83	82	69	82	80	81	71	70	70	71	70	70	69	61	62	61	66	81	69	63	50	69
Jesús Santiago Pérez	20	192	75	R	B	DM	["DM","CM"]	Getafe	2025	65	69	66	71	66	66	73	66	65	62	71	68	64	60	61	68	62	61	62	70	70	69	73	69	50	68
Juan Antonio Iglesias Sánchez	26	187	77	R	B	SB	["SB"]	Getafe	2026	70	72	73	81	85	82	76	76	73	79	74	69	68	67	61	68	62	61	64	76	81	73	76	76	50	68
Domingos de Sousa Coutinho Meneses Duarte	29	190	80	R	B	CBT	["CBT"]	Getafe	2026	57	79	81	76	66	66	80	62	65	60	77	71	67	62	61	68	61	61	62	80	82	70	63	77	50	75
Alberto Risco Alcántara	19	178	68	L	B	AM	["AM"]	Getafe	2026	65	47	71	71	69	66	66	62	67	66	72	68	65	60	61	68	60	61	62	61	66	67	66	65	50	65
Nabil Aberdin	22	180	75	R	B	CBT	["CBT","DM"]	Getafe	2025	63	64	66	71	66	66	68	62	65	62	65	64	62	61	61	68	57	61	62	64	66	65	68	68	50	60
Gorka Rivera Alonso	20	184	78	L	B	SB	["SB","CBT"]	Getafe	2029	64	60	71	71	76	74	70	72	65	69	66	71	63	72	61	78	64	70	62	71	75	66	70	73	50	62
John Joe Patrick Finn Benoa	21	193	81	R	B	AM	["AM","SM","CF","SS","WF"]	Getafe	2025	71	31	77	71	74	78	71	73	72	72	70	67	60	53	73	68	64	61	62	65	78	73	71	63	50	66
David Argüelles Álvarez	22	175	71	L	B	SB	["SB"]	Getafe	2028	64	61	75	71	83	82	68	80	65	73	61	62	61	61	61	68	59	61	62	61	66	65	67	73	50	64
Diego Ferrer Martinez	17	185	76	R	B	GK	["GK"]	Getafe	2025	31	68	70	71	62	62	66	59	58	55	61	61	60	61	31	66	43	61	49	55	65	65	33	47	68	51
Juan Carlos Martín Corral	36	186	85	R	B	GK	["GK"]	Girona	2025	31	77	79	71	67	64	78	69	58	60	61	66	64	66	36	76	43	61	49	55	76	65	48	68	77	64
Miguel Gutiérrez Ortega	23	180	73	L	B	SB	["SB","SM","WB"]	Girona	2027	85	77	76	88	84	86	84	85	85	84	85	82	83	82	76	79	74	63	84	76	82	85	84	82	50	81
Arnau Martínez López	21	182	72	R	B	SB	["SB","CBT"]	Girona	2027	73	73	71	81	81	85	82	82	79	79	82	74	78	73	61	68	65	61	73	78	85	80	82	77	50	72
David López Silva	35	185	81	R	B	CBT	["CBT","DM"]	Girona	2026	73	81	83	71	66	66	83	62	75	63	83	81	74	70	63	79	69	61	62	84	83	79	81	76	50	77
Donny van de Beek	27	184	76	R	B	CM	["CM","AM","DM"]	Girona	2028	81	71	73	72	71	70	79	73	83	75	84	83	76	76	81	84	81	73	83	75	75	85	79	75	50	82
Cristhian Ricardo Stuani Curbelo	38	186	76	R	B	CF	["CF"]	Girona	2026	83	52	90	78	72	70	78	69	77	73	78	79	74	78	83	83	78	67	71	83	90	78	78	79	50	81
Viktor Tsygankov Циганков Віктор Віталійович	27	178	73	L	B	SM	["SM","CM","AM"]	Girona	2027	85	58	71	82	87	87	84	86	86	86	85	83	84	83	85	81	81	81	84	63	69	86	84	77	50	81
Abel Ruiz Ortega	24	180	75	R	B	CF	["CF","AM","SS"]	Girona	2029	80	49	78	84	81	79	80	79	80	80	79	79	71	73	81	80	78	66	64	77	85	81	80	71	50	74
Yaser Esneider Asprilla Martínez	21	180	75	L	B	WF	["WF","SM","AM"]	Girona	2030	76	58	70	74	81	83	74	85	79	80	78	78	77	78	76	78	72	63	78	61	68	78	74	68	50	72
Arnaut Danjuma Adam Groeneveld	27	178	74	R	B	CF	["CF","SM","WF"]	Girona	2025	82	48	77	71	90	85	83	85	82	86	81	80	76	79	79	79	79	68	82	77	87	82	83	71	50	77
Paulo Dino Gazzaniga Farias	32	196	90	R	B	GK	["GK"]	Girona	2027	31	85	82	72	62	63	85	77	59	58	63	70	70	72	36	85	43	63	49	56	80	66	55	77	85	76
Oriol Romeu Vidal	33	183	83	R	B	DM	["DM","CM"]	Girona	2025	75	79	85	80	66	66	83	63	76	66	83	82	69	68	62	81	65	64	63	78	81	79	81	83	50	79
Juan Pedro Ramírez López	33	190	80	R	B	CBT	["CBT"]	Girona	2025	52	78	85	74	66	66	76	62	65	60	77	71	65	53	61	68	61	68	62	81	85	71	57	76	50	75
Alejandro Francés Torrijo	22	181	70	R	B	CBT	["CBT","SB"]	Girona	2029	72	75	79	81	79	84	79	81	71	74	76	71	75	68	61	68	62	61	62	77	88	72	78	79	50	72
Daley Blind	34	180	72	L	B	CBT	["CBT","SB"]	Girona	2026	79	83	77	72	66	66	88	70	83	68	88	83	88	82	67	78	75	71	86	83	76	85	85	75	50	81
Ladislav Krejčí	25	191	87	L	B	CBT	["CBT","DM"]	Girona	2029	78	76	87	82	76	72	80	68	76	75	79	79	72	71	70	79	69	64	62	85	90	77	78	86	50	81
Bojan Miovski Бојан Миовски	25	189	76	L	B	CF	["CF"]	Girona	2028	80	33	77	82	78	76	80	74	76	77	71	75	63	70	82	82	72	63	74	79	85	74	80	78	50	73
Bryan Gil Salvatierra	23	175	60	L	B	WF	["WF","SM"]	Girona	2025	80	40	74	71	79	81	80	86	83	82	79	74	79	76	78	69	72	77	74	61	66	81	80	66	50	74
Yangel Clemente Herrera Ravelo	26	184	78	R	B	DM	["DM","CM"]	Girona	2027	84	80	84	84	68	71	84	72	84	76	85	85	79	78	82	85	77	67	70	83	86	85	84	84	50	84
Jhon Elmer Solís Romero	20	189	80	R	B	DM	["DM","CM"]	Girona	2028	73	69	80	83	68	70	76	66	75	71	77	74	69	65	70	71	66	61	62	70	79	75	76	79	50	73
Iván Martín Núñez	25	178	70	L	B	AM	["AM","CM"]	Girona	2028	83	73	71	78	78	79	81	82	84	81	83	80	83	80	81	77	77	72	84	61	70	84	81	72	50	77
Cristian Portugués Manzanera	32	167	66	R	B	WF	["WF","SM"]	Girona	2027	79	59	80	82	84	85	80	85	80	82	79	81	77	81	80	83	80	71	81	75	85	80	80	82	50	80
Pau López Sabata	29	189	77	L	B	GK	["GK"]	Girona	2025	31	82	80	71	62	62	85	67	58	56	71	72	69	70	40	82	46	62	49	56	76	66	55	75	81	75
Gabriel Osei Misehouy	19	173	68	R	B	AM	["AM"]	Girona	2028	71	41	77	71	74	75	70	76	72	72	72	70	71	70	68	70	66	66	71	61	66	73	70	71	50	72
Silvi Clua Oya	19	189	75	L	B	DM	["DM","CM"]	Girona	2026	64	67	69	71	66	66	71	67	66	62	73	68	65	59	61	68	61	61	62	67	68	71	68	68	50	67
Min-su Kim 김민수	18	177	66	R	B	WF	["WF","SM","CF"]	Girona	2027	68	33	71	71	79	81	68	80	71	74	70	67	65	64	68	68	62	61	62	64	66	71	68	63	50	66
Antal Yaakobishvili	20	193	86	R	B	CBT	["CBT"]	Girona	2028	50	71	79	71	71	70	71	64	66	66	74	69	64	49	61	68	61	61	62	72	79	71	53	68	50	63
Ricard Artero Ruiz	21	181	75	R	B	AM	["AM","SM","WF"]	Girona	2026	67	62	67	71	70	76	67	76	72	70	73	70	68	65	70	68	64	61	62	62	68	73	67	67	50	67
Raúl Martínez Moreno	18	175	71	R	B	CM	["CM","AM"]	Girona	2025	65	60	69	71	70	68	67	69	68	68	70	67	66	61	63	68	60	61	62	65	67	68	67	63	50	64
Lucas García Madrigal	20	184	70	R	B	GK	["GK"]	Girona	2025	31	69	73	71	62	62	69	60	58	55	61	63	61	63	29	66	43	61	49	55	66	65	43	59	69	60
Papa Dame Ba	20	175	66	L	B	WF	["WF","SM"]	Girona	2026	68	33	72	71	79	79	68	79	70	73	70	67	65	64	67	68	61	61	62	61	66	70	68	63	50	65
Ferrán Ruiz Martí	21	172	65	R	B	SB	["SB"]	Girona	2026	64	63	71	71	71	75	69	72	69	68	69	66	66	65	61	68	61	61	62	61	66	70	69	67	50	64
Jacobus Antonius Peter Cillessen	35	185	83	R	B	GK	["GK"]	Las Palmas	2026	31	81	80	71	62	62	81	68	58	55	62	67	65	67	34	77	43	62	49	56	77	66	52	76	81	73
Marvin Olawale Akinlabi Park	24	178	63	R	B	SM	["SM","SB","WB"]	Las Palmas	2028	67	64	74	79	90	89	71	85	77	83	76	71	75	70	73	68	66	61	68	61	73	76	68	77	50	72
Mika Mármol Medina	23	182	72	L	B	CBT	["CBT"]	Las Palmas	2026	64	81	80	72	84	82	80	80	78	80	82	74	69	60	61	68	64	61	62	76	88	78	69	76	50	78
José Alejandro Suárez Suárez	31	180	72	R	B	CBT	["CBT","SB"]	Las Palmas	2026	66	75	83	76	79	78	78	74	69	72	78	71	71	66	61	68	61	61	62	76	87	71	76	78	50	68
Javier Muñoz Jiménez	29	175	69	R	B	CM	["CM","AM","DM"]	Las Palmas	2025	77	69	79	88	75	78	74	76	79	76	81	76	74	70	72	72	71	63	77	61	74	80	74	84	50	78
Fabio González Estupiñán	27	176	69	R	B	DM	["DM","CM"]	Las Palmas	2025	67	70	76	78	66	70	72	70	74	65	77	72	66	60	66	68	69	61	62	71	74	76	70	74	50	68
Francisco Jesús Crespo García	28	177	67	L	B	WF	["WF","SM"]	Las Palmas	2026	72	42	71	71	93	91	70	86	77	85	74	80	72	79	76	87	75	76	75	61	72	78	70	65	50	70
José Ángel Gómez Campaña	31	179	70	R	B	CM	["CM","SM","DM"]	Las Palmas	2025	79	72	79	83	68	69	79	73	82	74	83	81	82	80	76	79	76	82	87	72	77	83	79	79	50	79
Marc Cardona Rovira	29	183	70	R	B	CF	["CF"]	Las Palmas	2026	76	35	71	83	81	83	76	81	74	77	75	73	64	68	73	73	72	63	66	75	81	75	76	75	50	72
Alberto Moleiro González	21	172	67	R	B	WF	["WF","SM","AM","CF","SS"]	Las Palmas	2026	77	55	76	79	86	88	76	89	84	86	81	79	76	75	75	78	73	63	79	66	78	83	76	74	50	77
Benito Ramírez del Toro	29	179	70	L	B	SB	["SB","SM","WB"]	Las Palmas	2025	72	62	76	76	89	87	73	84	74	81	74	74	71	72	70	76	68	72	66	74	83	74	73	73	50	70
Enzo Loiodice	24	175	71	L	B	CM	["CM","DM"]	Las Palmas	2025	72	73	75	83	72	69	74	73	80	76	81	79	75	73	67	77	73	75	72	67	68	80	74	81	50	76
Dinko Horkaš	25	189	77	R	B	GK	["GK"]	Las Palmas	2028	31	73	78	71	62	62	76	68	58	55	61	64	63	64	33	70	43	61	49	55	71	65	46	63	73	67
Manuel Fuster Lázaro	27	169	65	R	B	SM	["SM","CM"]	Las Palmas	2028	75	56	76	71	77	85	75	80	77	77	79	74	77	73	78	69	70	77	74	72	70	76	75	65	50	71
Scott Fraser McKenna	28	189	80	L	B	CBT	["CBT"]	Las Palmas	2027	51	76	88	72	70	67	76	62	65	66	71	67	64	57	61	68	61	61	62	82	89	69	52	78	50	76
Oliver Robert McBurnie	28	191	77	R	B	CF	["CF"]	Las Palmas	2027	79	40	90	77	70	69	77	68	78	72	78	79	63	65	77	82	74	61	62	81	90	80	77	81	50	80
Jaime Mata Arnaiz	36	185	79	R	B	CF	["CF","SM","WF"]	Las Palmas	2025	81	44	78	71	70	66	81	66	78	73	73	77	67	76	76	82	76	63	62	78	79	78	81	76	50	79
Víctor Álvarez Rozada	27	170	64	R	B	SB	["SB","SM","WB"]	Las Palmas	2027	75	67	78	86	92	89	76	87	75	83	73	70	71	69	68	68	68	61	62	61	68	75	76	83	50	75
Sandro Ramírez Castillo	29	175	71	R	B	CF	["CF","SM","WF"]	Las Palmas	2026	78	35	74	71	80	82	76	82	81	80	80	83	70	79	77	87	79	80	83	77	84	81	76	69	50	71
Kirian Rodríguez Concepción	28	180	73	R	B	CM	["CM","DM","AM"]	Las Palmas	2028	78	74	75	83	69	77	78	77	81	75	81	81	76	76	80	81	74	78	75	66	76	81	77	79	50	79
Iván Gil Calero	24	168	63	R	B	CM	["CM","SM","WF"]	Las Palmas	2027	76	62	75	71	70	71	75	74	78	74	77	74	71	69	76	73	68	71	68	61	66	77	75	65	50	71
Daley Sinkgraven	29	179	70	L	B	SB	["SB","SM","WB"]	Las Palmas	2025	75	70	74	76	74	77	74	79	77	75	77	72	78	73	67	68	71	72	78	73	69	78	73	77	50	77
Alejandro José Muñoz Miguel	30	187	80	L	B	SB	["SB","CBT"]	Las Palmas	2026	72	75	83	90	85	82	79	77	73	77	76	79	74	77	73	83	70	63	65	79	90	74	75	83	50	70
Adnan Januzaj	29	186	76	L	B	WF	["WF","SM"]	Las Palmas	2025	77	37	72	71	78	79	76	82	83	80	83	81	78	79	73	79	77	79	83	62	66	83	76	64	50	73
Álvaro Vallés Rosa	27	192	82	R	B	GK	["GK"]	Las Palmas	2025	31	84	82	72	62	62	86	68	59	55	66	70	69	70	31	82	43	63	49	56	78	66	52	71	84	73
Juan Manuel Herzog González	20	186	85	R	B	CBT	["CBT"]	Las Palmas	2025	59	72	79	77	81	79	79	74	67	71	77	71	68	65	61	68	62	61	62	79	89	73	65	78	50	72
Dário Cassia Luís Essugo	19	178	80	R	B	CM	["CM","DM"]	Las Palmas	2025	78	78	86	81	84	80	81	81	79	82	79	75	66	63	61	72	68	61	62	70	86	78	76	81	50	79
Victor Puig Iglesias	19	185	72	R	B	GK	["GK"]	Las Palmas	2026	31	68	72	71	62	62	68	59	58	55	61	64	62	64	30	68	43	61	49	55	65	65	36	55	68	57
Fábio Daniel Soares Silva	22	185	75	R	B	CF	["CF","WF","SM"]	Las Palmas	2025	78	40	78	79	85	83	78	79	80	82	72	74	60	65	80	77	75	61	62	73	84	80	78	80	50	77
Juan Soriano Oropesa	27	185	78	L	B	GK	["GK"]	Leganés	2027	31	79	77	71	62	62	81	66	58	55	61	66	63	66	36	74	43	61	49	55	75	65	51	68	78	64
Adrià Altimira Reynaldos	23	176	69	R	B	SB	["SB","SM","WB"]	Leganés	2025	72	65	74	76	69	71	72	68	71	68	71	68	69	65	68	68	61	61	62	71	70	71	72	67	50	68
Jorge Sáenz de Miera Colmeiro	28	192	75	R	B	CBT	["CBT"]	Leganés	2025	60	78	81	81	77	66	77	66	71	70	73	68	63	56	61	68	63	61	62	78	82	75	65	80	50	77
Jackson Gabriel Porozo Vernaza	24	192	84	R	B	CBT	["CBT"]	Leganés	2025	51	75	83	71	82	66	77	62	65	72	68	65	58	51	61	68	59	61	62	77	83	65	56	73	50	72
Renato Fabrizio Tapia Cortijo	29	185	80	R	B	DM	["DM","CM","CBT"]	Leganés	2026	76	79	88	86	72	74	81	72	75	71	81	81	75	76	70	81	71	64	70	78	86	78	78	85	50	79
Sergio González Poirrier	32	186	67	R	B	CBT	["CBT"]	Leganés	2025	55	80	77	71	66	66	78	62	65	62	76	70	64	52	61	68	63	61	62	83	79	75	59	74	50	77
Óscar Rodríguez Arnaiz	26	174	67	R	B	CM	["CM","SM"]	Leganés	2026	78	59	70	71	66	66	80	68	79	71	81	79	77	75	81	79	78	86	81	61	66	80	80	64	50	73
Seydouba Cissé	23	179	72	R	B	CM	["CM","SM","DM"]	Leganés	2026	74	64	70	78	66	69	76	67	75	67	81	76	71	65	74	72	69	68	64	67	66	78	73	77	50	74
Miguel de la Fuente Escudero	25	182	83	R	B	CF	["CF","SM","WF"]	Leganés	2028	76	42	85	78	75	75	74	76	79	76	77	77	58	64	81	79	72	61	62	77	88	79	74	74	50	69
Daniel Raba Antolín	29	184	76	L	B	WF	["WF","SM","CF"]	Leganés	2025	78	46	76	71	66	76	72	74	79	71	77	76	79	76	80	75	70	76	74	63	74	79	72	65	50	73
Juan Cruz Díaz Espósito	24	177	72	L	B	WF	["WF","SM","AM"]	Leganés	2028	75	40	68	71	81	85	72	86	80	81	73	73	73	74	78	74	71	69	77	61	66	80	72	68	50	73
Valentin André Henri Rosier	28	175	75	R	B	SB	["SB"]	Leganés	2025	73	72	82	81	85	85	76	85	76	80	75	71	74	73	61	69	65	61	75	71	77	77	74	81	50	75
Marko Dmitrović Марко Дмитровић	32	194	91	L	B	GK	["GK"]	Leganés	2025	31	82	86	71	62	62	82	66	58	55	62	68	66	69	41	81	43	62	49	56	78	66	51	74	81	69
Darko Brašanac	32	178	73	R	B	CM	["CM","DM","AM"]	Leganés	2025	78	75	74	73	66	66	81	64	77	65	80	81	76	76	73	83	70	68	66	71	74	80	81	78	50	79
Enric Franquesa Dolz	27	174	70	L	B	SB	["SB","SM","WB"]	Leganés	2026	70	65	74	84	79	87	71	83	74	75	76	70	69	68	66	68	63	61	62	63	75	75	71	77	50	67
Yvan Neyou Noupa	27	180	63	R	B	DM	["DM","CM"]	Leganés	2025	74	72	74	78	73	68	76	72	79	76	76	72	68	64	68	69	66	61	62	71	73	78	74	80	50	77
Sébastien Romain Teddy Haller	30	191	90	R	B	CF	["CF"]	Leganés	2025	86	53	86	72	66	66	85	68	82	70	82	83	62	68	85	85	80	63	63	86	86	85	85	72	50	80
Diego García Campos	24	185	75	R	B	CF	["CF","SM","WF"]	Leganés	2027	76	31	68	71	78	79	73	72	76	75	70	71	58	60	78	74	71	61	62	76	82	77	73	63	50	67
Javier Hernández Carrera	26	182	75	L	B	SB	["SB","CBT"]	Leganés	2026	72	72	76	81	74	76	76	75	73	72	74	74	74	76	61	76	68	76	74	71	86	75	76	76	50	70
Roberto López Alcaide	24	180	70	L	B	AM	["AM","SM","CF","SS","WF"]	Leganés	2027	74	52	74	84	66	66	73	71	79	70	81	80	77	77	78	79	73	79	74	61	66	80	73	71	50	71
Matija Nastasić Матија Настасић	31	188	83	L	B	CBT	["CBT"]	Leganés	2026	53	79	82	71	69	66	81	68	65	65	76	70	68	60	61	68	62	72	76	76	78	72	60	75	50	82
Munir El Haddadi Mohamed منير الحدادي محمد	29	175	69	L	B	WF	["WF","SM"]	Leganés	2026	78	43	74	73	82	81	78	83	80	81	79	80	77	80	78	81	80	73	84	79	81	80	78	70	50	75
Julián Antonio Chicco	26	186	73	R	B	CM	["CM","DM","CBT"]	Leganés	2025	71	70	80	76	66	66	73	65	73	65	78	74	67	62	65	70	66	65	62	69	74	77	70	74	50	72
Naim García García	22	180	75	R	B	WF	["WF","SM"]	Leganés	2027	64	44	70	71	67	66	63	64	76	71	72	72	69	71	75	74	65	61	62	61	66	77	61	63	50	63
Carlos Guirao Mora	21	175	68	R	B	CM	["CM"]	Leganés	2025	61	56	72	71	67	69	63	64	65	64	68	65	61	57	61	68	57	61	62	61	66	65	61	67	50	64
Joao Andrés Urbáez Gómez	22	179	73	R	B	CBT	["CBT"]	Leganés	2025	45	63	68	71	66	67	65	62	65	62	61	62	58	49	61	68	56	61	62	61	66	65	42	64	50	58
Álvaro Abajas Martín	21	181	75	R	B	GK	["GK"]	Leganés	2025	31	70	70	71	62	62	65	61	58	55	61	62	61	62	30	66	43	61	49	55	68	65	38	52	71	59
Dominik Greif	27	197	82	R	B	GK	["GK"]	Mallorca	2026	31	79	81	71	62	62	79	66	58	55	61	68	66	69	32	81	43	61	49	55	74	65	47	62	79	62
Mateu Jaume Morey Bauzà	24	173	67	R	B	SB	["SB","SM","WB"]	Mallorca	2025	72	71	76	71	71	79	79	80	79	75	79	72	74	68	61	68	64	61	68	61	66	79	77	74	50	72
Antonio Latorre Grueso	27	171	64	L	B	SB	["SB","SM","WB"]	Mallorca	2027	75	71	74	76	79	82	76	80	76	77	78	73	81	76	65	69	67	61	79	67	74	77	76	74	50	73
Siebe Van der Heyden	26	185	76	L	B	CBT	["CBT"]	Mallorca	2028	52	78	76	79	68	66	79	65	65	65	73	69	68	62	61	68	60	61	62	76	77	68	58	81	50	76
Omar Mascarell González	31	181	76	R	B	CM	["CM","DM","CBT"]	Mallorca	2026	78	73	75	80	66	66	79	71	79	67	81	79	73	68	67	76	72	76	67	68	72	80	79	77	50	76
José Manuel Arias Copete	25	192	73	L	B	CBT	["CBT"]	Mallorca	2026	53	81	74	73	66	67	80	62	69	61	78	72	63	54	61	68	63	61	62	81	81	76	59	76	50	74
Vedat Muriqi	30	194	92	L	B	CF	["CF"]	Mallorca	2027	84	34	92	77	69	66	85	62	83	75	82	83	65	65	86	85	81	68	64	86	85	85	85	78	50	79
Manuel Morlanes Ariño	25	178	75	R	B	CM	["CM","DM"]	Mallorca	2028	73	72	74	79	69	75	80	75	78	73	83	77	77	71	71	71	71	76	73	65	74	78	80	77	50	74
Abdón Prats Bastidas	31	181	81	L	B	CF	["CF"]	Mallorca	2028	78	37	79	74	74	70	73	75	78	76	73	75	69	74	81	79	76	75	73	73	79	78	73	66	50	67
Sergi Darder Moll	30	180	71	R	B	CM	["CM","AM","DM"]	Mallorca	2028	84	76	79	87	82	81	84	84	86	84	88	86	84	82	83	85	81	78	85	70	81	85	84	84	50	84
Takuma Asano 浅野 拓磨	30	173	71	R	B	WF	["WF","SM","CF"]	Mallorca	2026	79	39	82	83	85	92	80	92	80	83	75	74	67	73	74	74	76	61	67	67	84	80	80	71	50	71
Samuel de Almeida Costa	24	183	75	L	B	DM	["DM","CM"]	Mallorca	2028	74	75	77	84	66	71	79	71	76	69	81	82	73	73	68	82	70	63	62	67	75	78	78	83	50	76
Leonardo Román Riquelme	24	189	83	R	B	GK	["GK"]	Mallorca	2026	31	77	79	71	62	62	79	67	58	55	61	66	64	66	34	76	43	61	49	55	75	65	50	68	78	66
Daniel José Rodríguez Vázquez	36	178	71	R	B	SM	["SM","CM"]	Mallorca	2025	79	65	74	81	86	81	79	76	79	82	80	78	78	76	81	76	72	81	76	66	77	80	79	74	50	75
Valery Fernández Estrada	25	182	75	R	B	SM	["SM","SB","WB"]	Mallorca	2025	76	71	74	83	89	90	77	86	80	84	78	75	76	75	77	72	71	61	73	61	74	80	77	77	50	74
Cyle Christopher Larin	29	188	90	R	B	CF	["CF"]	Mallorca	2028	80	33	90	77	78	72	78	70	76	76	76	79	67	78	81	83	72	61	71	79	88	76	78	73	50	74
Antonio Sánchez Navarro	27	179	78	R	B	SM	["SM","CM"]	Mallorca	2027	74	67	79	86	78	79	77	82	77	77	83	83	76	76	69	82	72	66	68	64	77	78	74	79	50	74
Javier Llabrés Exposito	22	174	67	R	B	WF	["WF","SM"]	Mallorca	2026	70	39	76	81	82	85	70	86	75	77	71	68	70	69	72	68	64	61	64	61	66	76	70	69	50	67
Francisco Jorge Tavares Oliveira	24	179	73	R	B	WF	["WF","SM"]	Mallorca	2025	73	42	74	71	89	88	71	85	79	84	73	73	72	75	76	74	68	61	75	63	77	79	71	64	50	68
Antonio José Raíllo Arenas	33	187	80	R	B	CBT	["CBT"]	Mallorca	2026	62	82	76	89	66	66	81	62	68	60	81	73	63	51	61	68	62	61	62	83	79	73	68	88	50	79
Johan Andrés Mojica Palacio	32	185	73	L	B	SB	["SB","SM","WB"]	Mallorca	2027	75	73	74	72	91	88	78	81	78	84	81	82	78	82	70	83	68	71	78	66	80	79	75	75	50	75
Pablo Carmine Maffeo Becerra	27	172	70	R	B	SB	["SB"]	Mallorca	2026	75	77	79	76	83	87	78	83	83	83	79	72	78	73	63	68	66	61	75	76	84	83	78	75	50	73
Martin Valjent	28	187	70	R	B	CBT	["CBT"]	Mallorca	2025	62	83	87	85	66	72	76	74	73	66	80	72	66	55	62	68	63	62	62	81	88	76	66	84	50	76
Iván Cuéllar Sacristán	40	187	76	L	B	GK	["GK"]	Mallorca	2025	31	72	79	71	62	62	73	63	58	55	61	64	62	64	36	69	43	61	49	55	71	65	48	69	73	66
Robert Navarro Muñoz	22	178	65	R	B	SM	["SM","CM"]	Mallorca	2025	75	37	73	73	75	80	76	81	80	78	78	73	72	70	78	68	71	69	74	61	71	80	76	70	50	73
Miquel Jan Salas Franch	19	182	72	R	B	CM	["CM","AM"]	Mallorca	2025	63	54	67	71	71	68	63	68	68	67	69	66	62	56	61	68	63	61	62	61	66	70	63	65	50	64
Marc Domenech González	17	185	80	R	B	CF	["CF","SM","WF"]	Mallorca	2027	65	33	66	71	72	70	64	69	65	67	65	64	58	56	68	68	61	61	62	63	66	65	64	65	50	60
Daniel Andrés Luna García	21	179	66	L	B	AM	["AM"]	Mallorca	2028	74	41	67	71	73	73	68	71	73	71	71	67	63	55	69	68	65	65	62	61	66	74	68	65	50	72
Pau Mascaró Ruiz	20	178	72	R	B	CF	["CF"]	Mallorca	2025	68	33	72	73	81	73	69	72	66	72	63	65	58	57	71	71	62	63	62	67	72	66	69	65	50	63
Sergio Herrera Pirón	31	192	82	R	B	GK	["GK"]	Osasuna	2026	31	81	81	71	62	62	81	67	58	55	61	67	65	68	37	79	43	61	49	55	78	65	53	72	81	65
Ignacio Vidal Miralles	29	180	75	R	B	SB	["SB"]	Osasuna	2025	72	71	69	71	77	77	77	75	72	73	80	73	75	71	66	68	62	61	74	76	78	73	77	72	50	70
Juan Cruz Álvaro Armada	32	182	79	L	B	SB	["SB","CBT"]	Osasuna	2026	67	75	74	78	75	79	79	75	72	71	80	73	71	66	61	68	63	61	65	73	79	76	79	77	50	66
Unai García Lugea	32	186	81	R	B	CBT	["CBT"]	Osasuna	2025	55	77	75	79	66	66	77	65	66	62	77	71	70	63	61	68	62	61	62	80	82	74	59	77	50	74
Jorge Herrando Oroz	23	192	76	L	B	CBT	["CBT"]	Osasuna	2027	52	78	67	71	66	66	77	63	65	61	76	70	65	57	61	68	63	61	62	79	76	75	57	73	50	72
Lucas Torró Marset	30	190	77	R	B	DM	["DM","CM"]	Osasuna	2027	71	76	79	81	66	66	79	68	76	63	82	79	72	68	68	77	71	63	64	79	79	81	78	79	50	73
Jon Moncayola Tollar	26	182	78	R	B	CM	["CM","DM","SB"]	Osasuna	2031	79	75	72	78	69	69	80	70	83	77	84	79	78	73	74	74	70	66	62	65	71	81	80	79	50	79
Pablo Ibáñez Lumbreras	26	179	74	R	B	CM	["CM","DM"]	Osasuna	2025	76	68	70	75	66	66	76	66	75	67	78	72	69	61	71	68	67	67	62	63	66	78	76	71	50	73
Raúl García de Haro	24	192	70	R	B	CF	["CF"]	Osasuna	2028	76	31	78	71	77	71	74	68	79	77	81	79	65	60	80	78	73	68	62	82	85	80	74	70	50	73
Aimar Oroz Huarte	23	177	72	R	B	CM	["CM","AM"]	Osasuna	2029	75	54	71	80	69	76	76	76	81	74	81	79	73	71	81	76	75	68	65	72	77	83	74	70	50	72
Enrique Barja Alfonso	27	179	69	R	B	WF	["WF","SM"]	Osasuna	2026	78	42	67	71	78	81	75	78	79	79	76	73	76	74	76	71	68	61	62	68	75	79	75	65	50	73
Jesús Areso Blanco	25	182	81	R	B	SB	["SB","SM","WB"]	Osasuna	2026	70	73	76	79	74	79	75	79	75	72	78	71	76	71	61	68	64	61	74	74	81	77	75	75	50	70
Aitor Fernández Abarisketa	33	182	78	R	B	GK	["GK"]	Osasuna	2025	31	80	77	71	62	64	83	71	58	57	61	65	63	65	34	73	43	61	49	55	77	65	54	72	79	69
Rubén García Santos	31	172	71	L	B	WF	["WF","SM"]	Osasuna	2026	79	52	77	74	75	85	78	85	82	78	83	81	83	81	81	79	76	83	80	65	67	83	78	71	50	76
Rubén Peña Jiménez	33	170	65	R	B	SB	["SB","SM","WB"]	Osasuna	2025	79	73	74	75	77	75	81	76	77	75	79	78	77	79	75	78	73	66	65	78	80	78	81	73	50	73
Moisés Gómez Bordonado	30	176	73	R	B	CM	["CM","SM"]	Osasuna	2027	81	66	71	81	67	75	81	76	82	74	83	80	83	79	81	77	78	77	85	64	69	83	81	72	50	76
Ante Budimir	33	190	75	L	B	CF	["CF"]	Osasuna	2027	83	40	85	75	68	66	80	65	83	75	73	76	60	69	86	80	78	71	62	88	89	84	80	78	50	73
Iker Muñoz Cameros	22	180	73	R	B	CM	["CM","DM"]	Osasuna	2027	69	58	69	72	70	66	73	66	74	70	75	70	67	59	68	68	65	61	62	63	66	76	73	70	50	69
Bryan Zaragoza Martínez	23	164	60	R	B	WF	["WF","SM"]	Osasuna	2025	74	37	79	71	82	87	73	90	84	84	77	79	77	81	77	81	76	73	73	61	66	83	73	66	50	68
José Manuel Arnáiz Díaz	29	173	69	R	B	WF	["WF","SM","CF"]	Osasuna	2025	72	52	76	78	79	87	72	86	77	78	70	76	69	75	76	84	74	77	74	73	83	76	72	71	50	68
Javier Martínez Calvo	24	181	71	R	B	CM	["CM","SM"]	Osasuna	2026	75	59	74	79	72	68	75	69	77	74	80	73	65	58	73	68	68	61	62	67	72	78	75	76	50	74
Flavien Enzo Thiedort Boyomo	23	181	86	R	B	CBT	["CBT","SB"]	Osasuna	2029	65	76	83	81	76	78	78	71	65	69	73	69	62	53	61	68	61	61	62	79	88	70	73	76	50	64
Abel Bretones Cruz	24	188	79	L	B	SB	["SB"]	Osasuna	2029	73	70	79	82	80	77	76	76	76	77	77	77	78	79	68	79	71	70	81	72	81	76	75	82	50	74
Alejandro Catena Marugán	30	194	82	R	B	CBT	["CBT"]	Osasuna	2028	54	83	81	81	70	69	81	68	65	66	83	74	71	55	61	68	63	61	62	85	87	76	61	81	50	78
Iker Benito Sánchez	22	176	71	R	B	WF	["WF","SM"]	Osasuna	2027	68	43	72	71	79	85	68	82	74	76	73	71	70	71	69	71	64	63	62	61	66	73	68	63	50	66
Dimitrios Stamatakis	21	191	82	R	B	GK	["GK"]	Osasuna	2025	31	69	75	71	62	62	69	58	58	55	61	64	62	64	30	68	43	61	49	55	64	65	38	51	69	58
Noel López de la Fuente	21	182	68	R	B	CF	["CF","WF","SM"]	Osasuna	2025	71	39	66	71	71	68	71	65	72	69	69	68	60	64	71	70	67	62	65	68	66	73	71	63	50	67
Daniel Cárdenas Lindez	27	186	80	R	B	GK	["GK"]	Rayo Vallecano	2027	31	79	78	71	62	62	81	70	58	55	61	67	65	67	29	77	43	61	49	55	74	65	49	67	77	63
Andrei Florin Rațiu	26	183	72	R	B	SB	["SB","SM","WB"]	Rayo Vallecano	2028	74	70	68	74	88	91	73	83	74	79	76	71	73	71	64	68	68	61	74	79	87	76	73	74	50	72
Josep María Chavarría Pérez	26	174	72	L	B	SB	["SB","SM","WB"]	Rayo Vallecano	2027	75	67	77	87	86	82	74	80	73	79	73	68	73	69	61	68	62	61	68	68	80	73	74	79	50	72
Pedro Díaz Fanjul	26	180	78	R	B	CM	["CM","DM","AM"]	Rayo Vallecano	2028	73	69	75	84	71	75	73	79	76	73	79	81	77	79	79	83	76	84	83	61	69	77	73	78	50	74
Aridane Hernández Umpiérrez	35	186	77	R	B	CBT	["CBT"]	Rayo Vallecano	2025	54	79	92	81	66	66	81	68	65	60	72	71	61	62	61	71	62	61	62	81	81	73	60	81	50	77
Pathé Ismaël Ciss	30	186	71	R	B	DM	["DM","CM"]	Rayo Vallecano	2025	72	71	86	88	66	69	77	66	72	66	78	76	68	65	65	75	63	61	62	80	88	75	75	85	50	74
Isaac Palazón Camacho	29	169	71	L	B	WF	["WF","SM","AM"]	Rayo Vallecano	2028	82	47	76	78	85	89	81	88	85	85	84	81	83	81	83	79	79	81	79	63	70	85	81	72	50	78
Óscar Guido Trejo	36	180	79	R	B	AM	["AM","CF","SS"]	Rayo Vallecano	2025	78	72	81	88	70	68	78	79	83	78	83	81	79	78	79	79	78	80	78	73	78	80	77	82	50	80
Raúl de Tomás Gómez	30	180	72	R	B	CF	["CF"]	Rayo Vallecano	2027	83	44	77	74	77	79	84	81	82	79	83	82	77	76	81	80	79	83	77	83	87	82	84	78	50	82
James David Rodríguez Rubio	33	180	75	L	B	AM	["AM","SM","CM"]	Rayo Vallecano	2025	84	53	74	72	66	66	83	73	88	72	87	87	89	89	85	88	89	88	90	71	70	90	83	70	50	80
Randy Nteka	26	189	75	L	B	CF	["CF","AM","SS"]	Rayo Vallecano	2026	76	52	90	81	75	78	74	79	76	75	75	76	69	70	75	78	72	62	63	76	90	76	74	81	50	77
Sergio Guardiola Navarro	33	184	78	L	B	CF	["CF"]	Rayo Vallecano	2025	75	37	81	74	74	73	69	74	77	75	77	76	62	68	78	77	75	65	75	76	84	78	69	75	50	75
Augusto Martín Batalla Barga	28	185	87	R	B	GK	["GK"]	Rayo Vallecano	2025	31	79	80	71	62	62	81	67	58	55	61	67	65	67	36	78	43	61	49	55	78	65	53	64	79	67
Sergio Camello Pérez	23	177	69	R	B	CF	["CF"]	Rayo Vallecano	2027	81	38	71	73	75	74	81	73	80	77	78	77	63	66	79	77	77	67	73	76	74	81	81	65	50	74
Gerard Gumbau Garriga	29	187	77	L	B	CM	["CM","DM","SM"]	Rayo Vallecano	2025	73	74	75	73	66	66	76	66	77	67	82	80	78	76	71	79	70	80	78	74	74	78	76	72	50	74
Khalid Abdul Mumin Suleman	26	188	79	R	B	CBT	["CBT"]	Rayo Vallecano	2026	57	76	79	76	81	79	75	74	71	74	74	69	67	58	61	68	62	61	63	71	84	72	61	77	50	75
Unai López Cabrera	29	170	68	R	B	DM	["DM","CM","AM"]	Rayo Vallecano	2026	76	71	78	81	74	75	79	81	79	75	84	82	79	79	76	79	72	82	79	62	70	81	79	79	50	76
Álvaro García Rivera	32	167	61	L	B	WF	["WF","SM","AM"]	Rayo Vallecano	2026	81	57	80	76	90	90	82	90	80	85	80	76	79	77	79	73	68	61	73	61	66	80	82	67	50	75
Jorge de Frutos Sebastián	27	173	72	R	B	WF	["WF","SM"]	Rayo Vallecano	2028	77	49	75	83	85	86	76	85	81	84	78	80	77	80	76	83	74	66	80	65	75	81	76	75	50	74
Iván Balliu Campeny	32	172	63	R	B	SB	["SB"]	Rayo Vallecano	2025	74	75	74	85	85	81	77	81	79	81	77	71	77	71	61	68	68	67	68	72	79	81	76	82	50	74
Adrián Embarba Blazquez	32	173	68	R	B	WF	["WF","SM"]	Rayo Vallecano	2025	79	47	73	78	80	82	78	82	80	80	78	80	77	81	77	84	75	81	79	66	75	79	78	79	50	79
Luis Alfonso Espino García	32	172	71	L	B	SB	["SB"]	Rayo Vallecano	2026	75	75	81	90	88	90	83	83	78	84	74	77	79	82	69	83	64	67	74	71	86	76	73	87	50	76
Óscar Valentín Martín Luengo	30	177	72	R	B	DM	["DM","CM"]	Rayo Vallecano	2027	72	76	76	84	70	69	81	69	71	68	81	78	69	67	61	76	67	61	62	68	74	75	72	84	50	76
Florian Grégoire Claude Lejeune	33	189	89	R	B	CBT	["CBT"]	Rayo Vallecano	2027	62	81	84	71	66	66	83	62	74	63	81	79	72	68	62	79	68	80	63	81	80	77	67	76	50	82
Jonathan Montiel Caballero	26	174	80	L	B	AM	["AM","CM","SM"]	Rayo Vallecano	2025	73	58	75	73	71	79	75	82	80	76	80	82	77	80	80	85	76	81	79	61	67	79	75	71	50	73
Marco de las Sías López	18	180	74	R	B	CBT	["CBT","SB"]	Rayo Vallecano	2027	60	59	68	71	66	70	63	64	65	63	62	62	58	47	61	68	56	61	62	66	66	65	57	68	50	59
Pelayo Fernández Balboa	21	193	78	R	B	CBT	["CBT","DM"]	Rayo Vallecano	2028	61	66	74	74	66	66	67	62	65	63	70	67	66	60	61	68	57	61	62	63	67	65	61	71	50	64
Etienne Eto'o Pineda	22	189	76	R	B	CF	["CF","AM","SS"]	Rayo Vallecano	2025	66	31	66	71	68	66	65	62	65	65	61	62	61	64	68	68	60	74	71	66	66	65	65	64	50	65
Diego Méndez Molero	21	182	75	R	B	CBT	["CBT","CM","SB","DM"]	Rayo Vallecano	2025	61	63	69	71	71	66	66	63	65	66	67	65	61	54	61	68	60	61	62	68	71	68	61	66	50	62
Rui Tiago Dantas da Silva	30	191	91	R	B	GK	["GK"]	Real Betis	2026	31	85	82	72	62	62	87	69	59	55	63	68	67	69	41	80	43	63	49	56	79	66	54	71	83	69
Héctor Bellerín Moruno	29	178	74	R	B	SB	["SB"]	Real Betis	2028	77	74	74	78	84	81	81	80	81	82	80	72	75	70	64	68	65	63	68	68	74	81	81	78	50	76
Diego Javier Llorente Ríos	31	186	76	R	B	CBT	["CBT"]	Real Betis	2028	60	82	81	72	69	70	82	68	75	70	79	72	72	62	62	68	63	62	62	80	84	77	66	79	50	81
João Lucas de Souza Cardoso	23	186	78	R	B	DM	["DM","CM"]	Real Betis	2029	78	78	72	76	77	78	81	79	81	78	82	80	73	71	70	78	74	73	72	63	73	82	78	73	50	75
Marc Bartra Aregall	33	184	73	R	B	CBT	["CBT"]	Real Betis	2025	70	82	80	75	73	73	85	72	78	73	83	79	75	70	66	77	70	63	71	83	86	81	75	78	50	81
Natan Bernardo de Souza	23	188	85	L	B	CBT	["CBT"]	Real Betis	2025	53	82	80	76	66	67	81	65	65	62	71	67	60	55	61	68	61	61	62	76	79	70	59	77	50	73
Juan Miguel Jiménez López	31	172	69	R	B	WF	["WF","SM","CF","AM","SS"]	Real Betis	2026	82	36	73	78	79	83	82	82	83	81	81	80	74	79	83	80	79	68	70	81	83	83	82	72	50	74
Vitor Hugo Roque Ferreira	19	172	78	R	B	CF	["CF","WF","SM"]	Real Betis	2025	80	31	81	73	85	90	76	88	83	85	64	72	66	75	84	83	79	76	78	70	85	81	76	65	50	71
Luis Ezequiel Ávila	30	172	81	R	B	CF	["CF","SM","WF"]	Real Betis	2027	82	48	88	81	82	78	82	76	82	82	77	81	69	76	83	87	81	67	64	85	93	81	82	85	50	82
Abdessamad Ezzalzouli عبد الصمد الزلزولي	22	177	73	R	B	WF	["WF","SM"]	Real Betis	2029	75	37	74	71	85	87	76	85	82	84	74	75	74	76	78	77	72	61	70	61	66	81	76	63	50	69
Cédric Bakambu	33	182	73	R	B	CF	["CF"]	Real Betis	2026	82	40	74	71	80	79	78	79	78	78	76	77	72	77	80	79	77	67	71	80	85	78	78	64	50	72
Ricardo Iván Rodríguez Araya	32	182	83	L	B	CBT	["CBT","SM","SB","WB"]	Real Betis	2026	77	80	76	80	74	74	83	71	82	77	84	84	83	84	68	85	78	85	83	72	78	83	80	81	50	79
Adrián San Miguel del Castillo	37	190	80	R	B	GK	["GK"]	Real Betis	2026	31	75	78	71	62	62	75	67	58	55	61	65	63	65	37	72	43	61	49	55	72	65	49	71	76	63
William Silva de Carvalho	32	187	79	R	B	DM	["DM","AM","CM"]	Real Betis	2026	79	77	91	84	66	66	83	62	84	71	86	82	79	75	73	79	72	62	85	76	76	84	80	82	50	81
Romain Paul Jean-Michel Perraud	27	173	68	L	B	SB	["SB"]	Real Betis	2029	79	73	76	78	71	77	78	77	79	75	79	82	77	82	72	86	77	76	74	70	76	78	78	82	50	81
Sergi Altimira Clavell	23	188	75	R	B	CM	["CM","DM"]	Real Betis	2027	76	72	71	73	68	66	78	66	77	71	80	75	69	62	72	70	68	61	62	61	66	78	77	72	50	75
Pablo Fornals Malla	28	178	67	R	B	WF	["WF","SM","AM"]	Real Betis	2029	80	72	74	84	67	73	80	76	81	72	81	80	81	80	73	79	78	76	75	62	70	83	80	81	50	80
Iker Losada Aragunde	23	175	70	R	B	WF	["WF","SM","AM"]	Real Betis	2026	76	42	76	71	79	79	77	71	78	78	78	76	78	76	79	76	75	79	75	66	72	78	77	63	50	71
Giovani Lo Celso	28	177	68	L	B	AM	["AM","CM"]	Real Betis	2028	82	69	78	75	73	74	84	79	87	79	85	84	84	82	79	83	80	83	85	71	75	87	84	80	50	84
Marc Roca Junqué	28	184	81	L	B	DM	["DM","CM"]	Real Betis	2029	72	76	79	78	69	66	80	68	79	74	83	79	78	73	71	76	70	63	71	61	66	81	79	78	50	75
Francisco Román Alarcón Suárez	32	176	79	R	B	AM	["AM","SM","CM"]	Real Betis	2027	83	63	76	75	70	73	83	77	87	78	87	81	83	79	80	76	79	81	87	66	68	88	83	71	50	79
Youssouf Sabaly	31	173	67	R	B	SB	["SB"]	Real Betis	2026	78	76	79	81	82	79	80	78	79	79	79	75	76	76	62	73	67	62	66	66	77	79	78	78	50	71
Aitor Ruibal García	28	176	75	R	B	SB	["SB","SM","WB"]	Real Betis	2028	77	72	73	71	87	85	78	81	81	83	78	80	77	81	78	83	75	64	62	76	83	81	78	74	50	76
Francisco Barbosa Vieites	25	196	88	R	B	GK	["GK"]	Real Betis	2026	31	75	78	71	62	62	74	65	58	55	61	67	64	67	30	77	43	61	49	55	73	65	47	65	74	66
Nobel Mendy	20	187	80	L	B	SB	["SB","CBT"]	Real Betis	2027	63	61	71	71	77	68	66	64	65	69	66	64	62	60	61	68	59	61	62	65	70	65	66	68	50	66
Félix Martí Garreta	20	184	77	L	B	CBT	["CBT","SB"]	Real Betis	2026	65	70	77	71	69	69	74	64	71	69	73	68	65	60	61	68	62	61	62	72	77	72	73	70	50	68
Daniel Pérez Guerrero	19	173	65	R	B	CM	["CM","AM"]	Real Betis	2025	63	56	75	71	66	73	63	78	74	66	75	70	70	63	65	68	66	61	63	61	66	75	63	68	50	68
Assane Diao Diaoune	19	185	72	R	B	WF	["WF","SM"]	Real Betis	2027	74	37	74	71	91	91	74	88	77	83	70	69	67	69	78	70	72	64	64	61	67	78	74	67	50	69
Manuel González Pallarés	17	186	72	R	B	GK	["GK"]	Real Betis	2027	31	68	70	71	62	62	66	59	58	55	61	63	61	63	32	66	43	61	49	55	65	65	40	54	68	58
Lucas Alcázar Moreno	22	182	68	L	B	SB	["SB","SM","WB"]	Real Betis	2025	62	59	67	71	80	77	65	67	67	71	75	70	70	65	61	68	61	61	67	66	70	68	65	65	50	62
Mateo Flores Lozano	20	175	64	L	B	CM	["CM","AM"]	Real Betis	2027	64	56	73	71	72	74	63	71	69	69	71	69	65	63	64	69	63	63	62	61	66	70	63	65	50	66
Thibaut Nicolas Marc Courtois	32	200	96	L	B	GK	["GK"]	Real Madrid	2026	31	90	88	73	62	62	93	78	61	56	64	68	68	68	39	79	43	64	49	58	82	68	58	83	90	76
Daniel Carvajal Ramos	32	173	73	R	B	SB	["SB"]	Real Madrid	2026	83	81	82	87	84	85	88	83	85	82	87	79	84	80	67	73	69	63	80	81	87	88	88	87	50	84
Éder Gabriel Militão	26	186	78	R	B	CBT	["CBT"]	Real Madrid	2028	73	89	82	88	90	84	88	79	78	82	83	74	79	71	63	68	64	63	66	89	92	79	78	88	50	84
David Olatukunbo Alaba	32	180	78	L	B	CBT	["CBT","SB"]	Real Madrid	2026	83	86	81	79	82	81	90	80	84	81	90	87	85	85	71	85	79	88	79	82	88	86	90	81	50	81
Jude Victor William Bellingham	21	186	75	R	B	AM	["AM","CM"]	Real Madrid	2029	93	78	81	95	83	84	93	84	92	87	92	89	84	79	92	87	86	77	77	82	86	92	93	92	50	92
Eduardo Celmi Camavinga	22	182	68	L	B	CM	["CM","DM","SB"]	Real Madrid	2029	81	78	83	87	83	84	85	84	88	85	88	82	84	79	73	77	76	69	76	73	85	88	85	85	50	83
Vinicius José Paixão de Oliveira Junior	24	176	73	R	B	WF	["WF","SM","CF"]	Real Madrid	2027	90	39	78	88	96	96	90	95	94	95	88	85	85	84	92	84	85	73	82	64	78	93	90	79	50	83
Federico Santiago Valverde Dipetta	26	182	78	R	B	CM	["CM","SM"]	Real Madrid	2029	90	80	85	93	92	86	91	83	89	89	90	90	87	87	84	92	85	77	78	73	85	90	91	89	50	88
Kylian Mbappé Lottin	25	182	75	R	B	CF	["CF","WF","SM"]	Real Madrid	2029	95	38	82	90	97	97	95	96	94	96	90	90	82	86	95	91	88	78	83	81	90	94	95	82	50	85
Luka Modrić	39	172	66	R	B	CM	["CM","AM","DM"]	Real Madrid	2025	84	72	79	81	74	79	88	86	90	80	92	87	90	85	79	82	85	83	87	67	72	92	88	76	50	81
Rodrygo Silva de Goes	23	174	64	R	B	WF	["WF","SM","CF"]	Real Madrid	2028	87	37	76	85	90	91	87	90	90	90	84	81	81	81	88	79	80	79	83	75	80	89	87	75	50	80
Andriy Lunin Лунін Андрій Олексійович	25	191	83	R	B	GK	["GK"]	Real Madrid	2030	31	83	81	71	62	62	84	68	58	55	61	68	65	69	31	80	43	61	49	55	78	65	54	74	82	72
Aurélien Djani Tchouameni	24	188	82	R	B	DM	["DM","CM","CBT"]	Real Madrid	2028	82	82	85	86	76	78	87	77	84	79	88	84	81	77	73	81	73	65	79	81	86	85	85	85	50	83
Arda Güler	19	175	70	L	B	AM	["AM","SM","WF"]	Real Madrid	2029	77	58	76	76	74	79	78	82	84	79	83	81	82	81	77	79	79	80	86	61	66	84	78	67	50	73
Endrick Felipe Moreira de Sousa	18	173	66	L	B	CF	["CF","WF","SM"]	Real Madrid	2027	80	36	79	73	90	92	81	90	81	85	74	77	63	68	81	82	78	76	69	76	87	80	81	66	50	71
Lucas Vázquez Iglesias	33	173	70	R	B	SB	["SB"]	Real Madrid	2025	84	76	75	93	84	84	85	84	85	84	85	84	84	84	79	83	76	78	85	68	74	84	85	85	50	82
Jesús Vallejo Lázaro	27	184	79	R	B	CBT	["CBT"]	Real Madrid	2025	55	79	75	71	74	68	81	70	71	68	76	70	66	56	61	68	63	61	62	76	78	75	62	75	50	81
Daniel Ceballos Fernández	28	179	70	R	B	CM	["CM","AM"]	Real Madrid	2027	82	74	74	81	66	74	82	77	86	75	85	82	81	79	74	79	77	74	80	62	66	86	81	80	50	82
Francisco José García Torres	25	169	63	L	B	SB	["SB"]	Real Madrid	2027	76	72	81	83	90	91	79	89	81	85	81	74	75	74	62	68	66	62	74	65	79	81	78	78	50	73
Brahim Abdelkader Díaz ابراهيم عبد القادر دياز	25	170	68	R	B	AM	["AM","WF","SM"]	Real Madrid	2027	83	43	79	76	87	87	83	89	87	87	86	81	81	78	81	77	79	71	78	63	66	88	83	67	50	77
Antonio Rüdiger	31	190	86	R	B	CBT	["CBT"]	Real Madrid	2026	69	90	92	78	92	75	89	69	79	83	88	86	81	79	63	86	69	68	62	87	90	81	74	85	50	89
Ferland Sinna Mendy	29	180	73	L	B	SB	["SB"]	Real Madrid	2025	83	79	86	90	90	90	84	86	81	85	84	78	82	76	72	74	68	63	76	78	91	81	84	88	50	82
Francisco Javier González Pérez	19	199	80	R	B	GK	["GK"]	Real Madrid	2026	31	69	79	71	62	62	71	60	58	55	61	62	61	62	32	66	43	61	49	55	67	65	44	60	69	60
Jacobo Ramón Naveros	19	190	78	R	B	CBT	["CBT"]	Real Madrid	2028	50	72	72	71	69	68	71	65	65	65	71	68	61	49	61	68	59	61	62	77	79	65	52	68	50	66
Raúl Asencio del Rosario	21	184	79	R	B	CBT	["CBT"]	Real Madrid	2026	46	68	73	71	69	68	67	66	65	65	71	68	65	49	61	68	60	61	62	76	75	67	43	65	50	61
Alejandro Remiro Gargallo	29	192	79	R	B	GK	["GK"]	Real Sociedad	2027	31	88	86	72	62	62	88	80	59	55	63	69	67	70	36	83	43	63	49	56	82	66	53	75	85	67
Álvaro Odriozola Arzallus	28	175	66	R	B	SB	["SB"]	Real Sociedad	2029	76	74	74	81	85	79	78	78	79	82	76	71	77	73	61	68	67	61	75	76	77	78	78	76	50	72
Aihen Muñoz Capellán	27	175	68	L	B	SB	["SB"]	Real Sociedad	2027	76	74	71	81	80	81	78	76	78	81	76	71	78	69	62	68	65	61	71	72	79	74	78	81	50	76
Martín Zubimendi Ibáñez	25	181	74	R	B	DM	["DM","CM"]	Real Sociedad	2027	85	78	76	83	68	71	87	74	82	74	85	76	79	68	76	68	72	67	72	73	75	84	87	80	50	81
Igor Zubeldía Elorza	27	181	73	R	B	CBT	["CBT"]	Real Sociedad	2029	70	83	84	83	83	79	85	78	77	79	83	81	76	74	70	79	67	72	77	78	87	78	76	85	50	82
Aritz Elustondo Irribaria	30	180	71	R	B	SB	["SB","CBT"]	Real Sociedad	2026	69	80	80	76	72	66	85	65	70	67	83	75	74	69	61	68	65	61	62	83	85	81	85	80	50	66
Ander Barrenetxea Muguruza	22	175	74	R	B	WF	["WF","SM"]	Real Sociedad	2030	79	36	76	71	79	83	79	85	81	80	76	77	73	78	78	79	74	61	69	67	67	81	79	63	50	73
Arsen Zakharyan Захарян Арсен Норайрович	21	182	73	R	B	SM	["SM","CM"]	Real Sociedad	2029	76	60	70	78	80	85	77	79	78	78	77	77	79	77	74	78	76	81	77	62	70	79	77	72	50	73
Orri Steinn Óskarsson	20	188	80	R	B	CF	["CF"]	Real Sociedad	2030	77	37	76	75	74	74	76	73	74	72	72	73	63	66	75	76	69	66	62	70	78	76	76	69	50	70
Mikel Oyarzabal Ugarte	27	181	79	L	B	CF	["CF","WF","SM"]	Real Sociedad	2028	87	53	73	83	79	81	85	81	87	82	87	86	82	85	86	86	85	83	81	81	80	87	85	74	50	79
Sheraldo Rudi Becker	29	180	77	R	B	CF	["CF","SM","WF"]	Real Sociedad	2026	81	35	80	78	95	92	82	87	82	88	79	79	77	78	80	80	78	62	71	73	86	82	82	71	50	72
Javier López Carballo	22	183	75	L	B	SB	["SB"]	Real Sociedad	2030	67	69	72	79	82	78	74	77	67	72	72	68	65	65	61	68	62	61	62	71	78	72	72	74	50	63
Unai Marrero Larrañaga	23	189	82	R	B	GK	["GK"]	Real Sociedad	2027	31	73	76	71	62	62	74	62	58	55	61	63	61	63	29	66	43	61	49	55	70	65	40	58	73	60
Takefusa Kubo 久保 建英	23	173	64	L	B	WF	["WF","SM","CF"]	Real Sociedad	2029	83	48	76	80	82	90	83	89	87	84	83	79	81	79	85	77	79	80	79	63	74	87	83	69	50	76
Urko González de Zarate Quirós	23	189	83	R	B	CBT	["CBT","DM"]	Real Sociedad	2028	64	67	79	71	66	66	71	64	65	60	77	71	66	54	61	68	60	61	62	76	79	68	69	67	50	66
Jon Ander Olasagasti Imizcoz	24	176	74	L	B	CM	["CM","DM"]	Real Sociedad	2025	72	67	74	81	66	70	75	70	68	63	78	73	68	62	70	68	64	70	70	70	74	69	75	77	50	71
Sergio Gómez Martín	24	171	68	L	B	SB	["SB","CM"]	Real Sociedad	2030	77	72	76	79	68	79	78	83	79	74	78	77	78	79	73	76	76	80	79	61	68	79	78	77	50	77
Hamari Traoré	32	175	64	R	B	SB	["SB"]	Real Sociedad	2026	79	76	80	90	86	83	81	81	81	83	80	77	81	79	63	76	67	62	78	77	85	81	81	85	50	77
Umar Sadiq Mesbah	27	192	78	R	B	CF	["CF"]	Real Sociedad	2028	77	40	91	77	88	83	76	77	80	84	78	80	62	71	83	84	74	62	68	79	93	80	76	68	50	70
Jon Pacheco Dozagarat	23	184	77	L	B	CBT	["CBT"]	Real Sociedad	2027	52	76	77	71	66	66	75	62	65	61	80	73	63	49	61	68	63	61	62	79	77	76	57	71	50	69
Nayef Aguerd نايف أكرد	28	190	76	L	B	CBT	["CBT"]	Real Sociedad	2025	65	84	79	76	80	66	84	62	73	72	79	76	70	65	62	74	65	62	62	84	84	79	71	78	50	79
Beñat Turrientes Imaz	22	181	70	R	B	CM	["CM","DM"]	Real Sociedad	2027	71	62	75	80	69	73	73	73	73	69	78	73	73	67	61	68	64	76	68	66	66	76	73	77	50	73
Brais Méndez Portela	27	187	76	L	B	CM	["CM","SM","AM"]	Real Sociedad	2028	85	68	77	78	74	76	85	78	87	80	87	83	84	81	86	80	81	81	78	78	83	87	85	79	50	84
Luka Sučić	22	185	77	L	B	AM	["AM","CM"]	Real Sociedad	2028	74	54	75	77	79	85	75	81	79	79	78	80	78	79	76	82	78	78	79	61	76	79	75	72	50	73
Jon Magunazelaia Argoitia	23	180	75	R	B	AM	["AM","SM","WF"]	Real Sociedad	2026	66	49	74	71	77	80	65	77	72	74	71	72	68	70	71	75	68	61	62	67	71	71	65	66	50	66
Jon Mikel Aramburu Mejías	22	176	71	R	B	SB	["SB"]	Real Sociedad	2026	67	68	70	76	74	77	75	74	69	71	71	67	68	65	61	68	60	65	66	61	67	68	73	71	50	65
Pablo Marín Tejada	21	178	73	R	B	AM	["AM","CM"]	Real Sociedad	2027	69	45	69	71	73	66	66	64	74	72	77	71	67	57	71	68	66	61	62	61	66	75	66	65	50	67
Jon Martín Vicente	18	188	74	R	B	CBT	["CBT"]	Real Sociedad	2030	50	64	69	73	72	74	67	65	65	67	63	62	58	50	61	68	57	61	62	69	74	65	53	70	50	63
Aitor Fraga Torres	21	194	83	R	B	GK	["GK"]	Real Sociedad	2025	31	70	78	71	62	62	67	58	58	55	61	62	61	62	32	66	43	61	49	55	64	65	37	52	69	54
Egoitz Arana Aizpurua	22	197	88	R	B	GK	["GK"]	Real Sociedad	2025	31	69	78	71	62	62	66	57	58	55	61	62	60	62	32	66	43	61	49	55	62	65	41	64	68	61
André Filipe Magalhães Ribeiro Ferreira	28	193	79	R	B	GK	["GK"]	Real Valladolid	2027	31	76	83	71	62	62	77	70	58	55	61	65	63	65	38	71	43	61	49	55	73	65	47	62	74	64
Luis Jesús Pérez Maqueda	29	174	71	R	B	SB	["SB"]	Real Valladolid	2025	76	69	79	88	89	90	76	88	71	79	71	67	67	65	61	68	61	61	64	65	83	69	72	81	50	74
David Torres Ortiz	21	182	76	L	B	CBT	["CBT"]	Real Valladolid	2026	49	74	75	71	68	66	75	62	65	65	77	71	64	53	61	68	61	61	62	71	74	71	51	69	50	69
Víctor Andrés Meseguer Cavas	25	184	77	R	B	CM	["CM","AM","CF","SS"]	Real Valladolid	2029	75	68	76	78	69	67	74	65	77	72	78	74	71	66	78	70	69	74	70	74	77	78	74	77	50	76
Javier Sánchez de Felipe	27	189	84	R	B	CBT	["CBT"]	Real Valladolid	2026	59	78	85	73	73	74	81	65	71	68	75	73	66	58	66	72	64	74	62	73	83	76	65	74	50	77
Cenk Özkaçar	24	190	85	L	B	CBT	["CBT","SB"]	Real Valladolid	2025	65	71	82	74	66	67	74	67	69	65	72	70	64	60	61	69	61	61	62	76	83	71	73	75	50	69
Mamadou Sylla Diallo	30	184	84	R	B	CF	["CF","SM","WF"]	Real Valladolid	2026	76	38	82	80	80	79	73	79	76	78	75	75	64	70	78	76	72	62	70	77	89	74	73	74	50	73
Enrique Pérez Muñoz	27	184	74	L	B	CM	["CM","AM","DM"]	Real Valladolid	2025	73	60	70	71	66	68	77	73	82	73	81	74	71	62	73	68	73	68	77	66	68	83	77	68	50	72
Marcos André de Sousa Mendonça	28	184	78	R	B	CF	["CF"]	Real Valladolid	2028	75	42	81	71	75	78	67	75	75	74	73	75	64	68	76	79	74	67	62	76	85	76	67	70	50	72
Iván Sánchez Aguayo	32	169	66	L	B	SM	["SM","CM","AM"]	Real Valladolid	2025	73	48	77	71	72	75	73	82	81	76	80	75	77	73	75	71	70	73	79	61	66	81	73	68	50	74
Raúl Moro Prescoli	21	168	67	R	B	WF	["WF","SM"]	Real Valladolid	2028	72	38	75	71	84	86	68	83	80	82	75	70	71	68	72	68	68	61	73	61	66	80	68	63	50	70
Mario Martín Rielves	20	177	75	R	B	CM	["CM"]	Real Valladolid	2025	72	64	72	71	73	74	74	74	77	74	78	72	72	63	63	68	64	61	66	64	66	77	74	71	50	74
Karl Jakob Hein	22	193	76	R	B	GK	["GK"]	Real Valladolid	2025	31	73	77	71	62	62	75	62	58	55	61	63	61	63	31	66	43	61	49	55	70	65	45	58	73	60
Juan Miguel Latasa Fernández Layos	23	192	83	L	B	CF	["CF"]	Real Valladolid	2029	78	31	83	74	76	70	76	65	75	75	73	75	59	66	79	78	73	64	62	81	87	75	76	66	50	69
Eray Ervin Cömert	26	183	80	R	B	CBT	["CBT"]	Real Valladolid	2025	53	78	81	79	76	74	76	73	65	69	76	77	67	68	61	79	68	68	62	78	85	75	59	79	50	74
César de la Hoz López	32	180	75	R	B	DM	["DM","CBT","CM"]	Real Valladolid	2025	71	69	76	87	66	66	73	64	72	63	75	70	66	57	69	68	66	61	62	68	69	74	71	80	50	71
Darwin Daniel Machís Marcano	31	174	74	R	B	WF	["WF","SM"]	Real Valladolid	2026	78	46	81	73	86	90	76	91	84	86	78	81	77	81	80	85	76	82	76	63	78	83	76	75	50	77
Amath Ndiaye Diedhiou	28	173	70	R	B	WF	["WF","SM","CF"]	Real Valladolid	2027	76	53	72	71	90	91	73	88	81	85	78	78	72	75	78	79	76	72	76	72	82	81	73	73	50	76
Stanko Jurić	28	188	82	R	B	DM	["DM","CM"]	Real Valladolid	2027	69	70	88	84	69	69	73	68	74	71	74	75	66	65	75	77	68	65	62	73	83	75	71	80	50	70
Selim Amallah	28	185	81	R	B	AM	["AM","CM","SM"]	Real Valladolid	2027	78	66	78	75	71	73	75	75	77	74	80	79	76	76	77	79	76	77	78	71	78	77	75	79	50	81
Lucas Oliveira Rosa	24	177	73	R	B	SB	["SB","SM","WB"]	Real Valladolid	2025	65	67	71	83	75	79	72	73	68	68	72	68	69	68	61	68	62	61	62	67	72	72	71	72	50	60
Anuar Mohamed Tuhami	29	174	71	R	B	CM	["CM","AM","SM"]	Real Valladolid	2025	76	66	76	88	80	82	78	85	73	76	74	70	70	67	72	68	67	61	69	67	74	73	78	80	50	73
Robert Kenedy Nunes do Nascimento	28	180	85	L	B	WF	["WF","SM","CF"]	Real Valladolid	2027	77	63	72	71	74	79	76	78	78	76	76	78	73	77	71	81	71	76	78	72	77	78	76	67	50	72
Arnau Rafús Aulet	21	187	75	R	B	GK	["GK"]	Real Valladolid	2025	31	71	74	71	62	62	71	62	58	55	61	66	64	66	29	74	43	61	49	55	69	65	38	55	71	62
Iván San José Cantalejo	20	172	64	L	B	AM	["AM","CM"]	Real Valladolid	2025	67	43	72	71	66	72	63	75	73	68	72	70	63	61	72	69	68	66	62	61	66	73	59	63	50	67
Raúl Chasco Ruiz	21	179	71	L	B	SB	["SB"]	Real Valladolid	2025	65	60	66	71	75	78	69	73	68	72	63	63	67	64	61	68	59	61	65	61	66	65	68	66	50	61
Jorge Iglesias González	19	172	67	R	B	SB	["SB"]	Real Valladolid	2026	68	65	74	71	69	69	70	64	65	68	61	62	62	62	61	68	56	61	62	64	66	65	68	67	50	64
Mario Maroto Argüello	20	176	66	R	B	CM	["CM","AM"]	Real Valladolid	2025	67	51	66	71	71	70	67	65	67	68	71	67	61	56	61	68	60	61	62	61	66	67	67	65	50	65
Abdulai Juma Bah	18	195	80	R	B	CBT	["CBT"]	Real Valladolid	2025	48	76	77	73	70	74	72	66	65	66	61	62	59	55	61	68	54	61	62	63	74	65	50	71	50	65
Álvaro Aceves Catalina	21	190	85	R	B	GK	["GK"]	Real Valladolid	2025	31	75	80	71	62	62	77	64	58	55	61	66	63	66	33	74	43	61	49	55	72	65	43	59	75	61
Eugene Adjei Frimpong	21	174	70	L	B	CM	["CM","AM"]	Real Valladolid	2025	65	61	70	76	76	78	71	77	66	69	74	69	66	59	61	68	60	64	62	66	72	68	67	72	50	68
Adrián Arnuncio Baquerín	17	185	74	R	B	CF	["CF"]	Real Valladolid	2027	67	32	68	71	66	66	63	67	65	62	66	65	58	55	73	68	62	65	62	69	66	65	63	66	50	63
Mario Sesè Vera	22	178	72	R	B	SM	["SM","SB","WB"]	Real Valladolid	2025	68	57	71	71	83	81	66	79	69	76	66	64	66	67	71	68	64	61	62	61	66	68	66	69	50	66
Álvaro Fernández Llorente	26	186	75	L	B	GK	["GK"]	Sevilla	2025	31	78	77	71	62	62	80	76	58	56	61	65	63	65	31	73	43	61	49	55	74	65	49	71	78	65
Adrià Giner Pedrosa	26	176	69	L	B	SB	["SB"]	Sevilla	2028	76	71	74	87	90	91	78	88	81	86	77	72	74	72	69	68	69	61	78	68	80	78	78	84	50	77
Enrique Jesús Salas Valiente	22	186	80	L	B	CBT	["CBT","SB"]	Sevilla	2026	67	75	79	77	74	66	79	62	65	68	71	68	58	48	61	68	62	61	62	74	77	73	78	77	50	67
Nemanja Gudelj Немања Гудељ	33	187	79	R	B	CBT	["CBT","DM"]	Sevilla	2026	76	79	90	83	66	66	83	66	78	66	85	88	82	84	71	90	81	83	85	81	85	83	83	84	50	79
Isaac Romero Bernal	24	184	70	L	B	CF	["CF","WF","SM"]	Sevilla	2025	76	31	73	72	77	74	76	72	77	76	78	76	74	74	81	75	74	61	74	78	80	78	76	65	50	70
Pedro Ortiz Bernat	24	184	76	L	B	CM	["CM","DM"]	Sevilla	2025	71	59	73	77	66	70	73	70	73	65	76	71	67	57	69	68	66	61	62	63	69	76	72	74	50	72
Kelechi Promise Iheanacho	28	185	82	L	B	CF	["CF"]	Sevilla	2026	79	46	78	73	75	75	78	75	80	77	78	79	72	73	78	80	79	71	78	72	80	81	78	73	50	77
Jesús Joaquín Fernández Sáez de la Torre	31	177	70	L	B	SM	["SM","AM","CM"]	Sevilla	2025	81	47	75	71	75	77	81	79	87	81	84	82	82	82	79	80	83	84	85	62	66	87	81	65	50	76
Dodi Lukébakio Ngandoli	27	187	77	L	B	WF	["WF","SM","CF"]	Sevilla	2028	81	40	74	73	89	85	81	84	86	88	78	81	74	82	81	85	81	75	80	66	78	85	81	66	50	74
Albert Mboyo Sambi Lokonga	25	183	73	R	B	CM	["CM","DM"]	Sevilla	2025	74	69	74	80	70	68	78	71	82	75	81	77	77	73	63	73	72	74	75	69	74	83	77	78	50	76
Ørjan Håskjold Nyland	34	192	90	R	B	GK	["GK"]	Sevilla	2025	31	79	82	71	62	62	79	66	58	55	61	68	65	69	34	80	43	61	49	55	77	65	51	66	79	63
Gerard Fernández Castellano	22	172	65	R	B	AM	["AM","WF","SM"]	Sevilla	2028	78	45	76	77	85	83	77	84	79	81	78	75	72	71	80	73	72	71	74	61	66	79	77	67	50	72
Gonzalo Ariel Montiel	27	175	70	R	B	SB	["SB"]	Sevilla	2026	78	73	76	81	83	82	78	83	77	80	77	74	75	75	67	73	67	61	69	73	80	77	78	83	50	79
Jesús Navas González	39	172	60	R	B	SB	["SB","SM","WB"]	Sevilla	2024	82	76	75	83	82	85	82	85	84	82	85	81	84	82	72	78	79	63	85	78	72	85	81	82	50	82
Saúl Ñíguez Esclapez	30	184	75	L	B	CM	["CM","SM"]	Sevilla	2025	82	77	78	81	74	72	83	74	83	78	84	83	80	78	79	83	81	71	77	84	85	83	83	81	50	82
Lucien Jefferson Agoume	22	188	72	R	B	CM	["CM","DM"]	Sevilla	2028	74	72	74	79	66	72	78	71	79	70	81	74	72	65	62	68	67	61	63	70	75	80	78	75	50	73
Valentín Barco	20	170	66	L	B	SB	["SB","SM","WB"]	Sevilla	2025	77	68	75	78	79	80	77	84	80	80	81	74	78	72	61	68	65	68	79	61	66	79	77	78	50	78
Mohameth Djibril Ibrahima Sow	27	184	76	R	B	CM	["CM","DM"]	Sevilla	2028	80	76	79	88	85	79	83	79	82	81	83	79	80	75	76	75	76	71	73	71	75	84	82	85	50	80
Chidera Ejuke	26	176	72	R	B	WF	["WF","SM"]	Sevilla	2027	76	44	80	81	91	95	78	94	83	88	77	78	75	78	73	80	74	71	78	61	72	83	78	72	50	72
Loïc Badé	24	191	89	R	B	CBT	["CBT"]	Sevilla	2027	54	81	86	73	72	66	81	62	75	70	78	72	64	53	61	68	64	61	62	80	85	79	61	77	50	79
Marcos do Nascimento Teixeira	28	185	80	L	B	CBT	["CBT"]	Sevilla	2027	54	82	85	86	68	68	82	68	77	71	79	72	67	53	61	68	64	61	62	76	82	78	59	88	50	85
Tanguy-Austin Nianzou Kouassi	22	191	83	R	B	CBT	["CBT"]	Sevilla	2027	55	80	85	74	74	66	78	63	72	71	78	72	65	55	61	68	62	61	62	81	86	73	60	77	50	78
Juan Luis Sánchez Velasco	21	186	70	R	B	SB	["SB"]	Sevilla	2026	68	72	68	79	70	70	76	65	81	74	75	70	72	70	72	68	66	61	62	71	70	82	76	74	50	67
Stanis Idumbo Muzambo	19	171	61	R	B	AM	["AM","SM","WF"]	Sevilla	2025	67	38	75	73	79	73	65	72	69	73	66	65	65	63	72	68	63	63	62	68	77	69	65	66	50	65
Manuel Bueno Sebastián	20	178	73	L	B	CM	["CM","AM","DM"]	Sevilla	2025	71	63	68	71	66	71	72	68	73	66	74	69	65	56	72	68	66	61	62	63	66	74	70	69	50	70
Darío Benavides Fuentes	21	178	72	R	B	SB	["SB","CBT"]	Sevilla	2025	65	65	70	73	66	69	71	65	70	63	71	68	63	63	61	68	62	61	62	71	72	72	71	71	50	61
Alberto Collado López	19	176	70	R	B	CM	["CM"]	Sevilla	2027	63	57	71	71	69	68	65	66	65	65	70	67	62	54	61	68	58	61	62	61	66	65	65	67	50	66
Alberto Flores López	21	186	80	L	B	GK	["GK"]	Sevilla	2027	31	71	74	71	62	62	71	62	58	55	61	64	62	64	29	68	43	61	49	55	69	65	42	57	72	60
José Ángel Carmona Navarro	22	183	80	R	B	SB	["SB","SM","WB"]	Sevilla	2025	76	74	70	78	85	81	78	79	78	81	77	73	75	73	74	70	70	61	77	70	79	78	78	75	50	74
Pablo Rivera Cruz	20	178	68	R	B	CM	["CM"]	Sevilla	2026	62	57	71	71	68	69	63	67	65	65	68	65	61	54	61	68	59	61	62	61	66	65	63	67	50	65
Diego Hormigo Iturralde	21	182	75	L	B	SB	["SB","CBT"]	Sevilla	2025	64	65	66	71	70	74	72	67	65	66	70	67	65	64	61	68	59	61	62	65	68	65	68	66	50	60
Ibrahima Sow	17	184	75	R	B	CF	["CF"]	Sevilla	2026	67	31	74	71	79	77	63	67	65	70	68	65	61	59	66	68	61	63	62	76	80	65	61	63	50	64
Israel Domínguez Velasco	21	176	64	R	B	WF	["WF","SM"]	Sevilla	2025	65	37	73	71	74	75	63	68	68	70	68	65	65	65	68	68	60	61	64	61	66	68	63	63	50	64
Jaume Doménech Sánchez	34	185	73	R	B	GK	["GK"]	Valencia	2025	31	76	78	71	64	64	78	70	58	59	66	69	67	67	34	77	43	61	49	55	74	65	51	71	76	66
Maximiliano Caufriez	27	189	83	R	B	CBT	["CBT"]	Valencia	2025	55	77	80	72	66	66	77	62	68	62	73	68	67	62	61	68	62	61	62	74	77	73	61	75	50	74
Cristhian Andrey Mosquera Ibarguen	20	188	79	R	B	CBT	["CBT"]	Valencia	2026	53	82	78	82	78	82	82	78	65	70	78	74	67	61	61	70	62	61	62	81	89	73	59	81	50	78
Mouctar Diakhaby	27	189	78	R	B	CBT	["CBT"]	Valencia	2027	60	80	82	76	68	68	81	68	68	65	76	71	62	51	61	68	61	61	62	82	86	70	65	78	50	77
Enzo Alan Tomás Barrenechea	23	186	81	R	B	CM	["CM","DM"]	Valencia	2025	69	65	69	82	66	70	73	70	78	66	82	79	71	66	67	75	72	61	63	61	66	79	71	77	50	71
Hugo Guillamón Sanmartín	24	178	62	R	B	DM	["DM","CM","CBT"]	Valencia	2026	66	76	74	75	66	66	78	67	71	64	77	71	72	64	65	68	63	63	62	77	78	75	75	77	50	73
Sergi Canós Tenés	27	175	66	R	B	WF	["WF","SM"]	Valencia	2027	78	63	79	75	74	78	77	78	78	76	78	80	75	79	76	82	74	66	74	62	75	78	77	77	50	78
Javier Guerra Moreno	21	187	77	R	B	CM	["CM","DM"]	Valencia	2027	80	74	75	79	78	77	79	80	79	78	80	77	74	71	78	74	71	70	64	74	79	79	79	76	50	78
Hugo Duro Perales	25	177	70	L	B	CF	["CF"]	Valencia	2028	82	49	80	81	78	76	81	75	78	77	76	77	73	76	82	80	76	62	62	83	89	78	81	77	50	77
Domingos André Ribeiro Almeida	24	176	62	R	B	AM	["AM","CF","CM","SS"]	Valencia	2028	79	69	73	76	74	79	80	79	82	78	81	80	78	76	66	79	77	83	79	61	68	81	79	75	50	78
Rafael Mir Vicente	27	191	86	R	B	CF	["CF"]	Valencia	2025	80	49	87	76	82	77	75	74	78	79	78	80	69	78	78	83	77	69	69	83	92	78	75	76	50	76
Thierry Rendall Correia	25	176	69	R	B	SB	["SB"]	Valencia	2026	77	75	75	79	93	93	79	86	81	88	79	72	74	70	61	68	66	61	78	67	82	80	79	77	50	75
Stole Dimitrievski Столе Димитриевски	30	188	84	R	B	GK	["GK"]	Valencia	2026	31	81	82	71	62	62	81	68	58	55	61	67	65	67	40	78	43	61	49	55	78	65	54	72	82	69
José Luis Gayà Peña	29	172	66	L	B	SB	["SB"]	Valencia	2027	82	79	77	88	85	82	85	83	83	82	83	75	82	75	71	68	71	63	83	68	77	84	85	85	50	81
César Tárrega Requeni	22	193	78	R	B	CBT	["CBT"]	Valencia	2028	51	77	87	71	68	69	76	66	65	65	72	69	65	60	61	68	62	61	62	79	86	74	56	70	50	68
Diego López Noguerol	22	172	63	R	B	WF	["WF","SM","CF"]	Valencia	2027	79	45	70	76	82	82	77	80	79	80	78	75	74	73	78	73	73	63	70	68	76	80	77	67	50	72
Daniel Gómez Alcón	26	178	69	R	B	CF	["CF"]	Valencia	2025	77	49	75	76	78	79	74	77	74	75	73	75	67	71	73	79	72	61	64	72	80	75	74	67	50	71
José Luis García Vayá	26	186	73	R	B	CM	["CM","DM"]	Valencia	2028	77	77	79	89	73	73	81	73	82	77	86	82	81	78	73	78	77	81	83	70	78	83	79	84	50	79
Dimitri Foulquier	31	183	72	R	B	SB	["SB"]	Valencia	2025	77	74	78	80	79	79	76	76	74	76	74	74	75	75	64	75	66	61	70	73	82	74	76	78	50	75
Jesús Vázquez Alcalde	21	172	73	L	B	SB	["SB","SM","WB"]	Valencia	2026	70	70	67	74	77	74	76	72	72	75	76	73	74	71	61	71	65	61	70	70	74	71	76	71	50	68
Luis Jesús Rioja González	31	176	70	L	B	WF	["WF","SM"]	Valencia	2026	78	52	74	76	79	83	74	85	82	81	78	79	77	80	79	81	73	74	76	61	66	81	74	67	50	71
Francisco Pérez Martínez	22	176	67	R	B	WF	["WF","SM"]	Valencia	2026	76	50	69	76	78	79	76	80	79	79	79	75	74	73	73	72	75	70	68	61	66	78	76	67	50	70
Yarek Gąsiorowski Hernandis	19	190	75	L	B	CBT	["CBT","SB"]	Valencia	2025	64	73	71	76	73	71	76	73	65	67	73	68	67	62	61	68	62	61	62	79	79	71	71	75	50	69
Giorgi Mamardashvili გიორგი მამარდაშვილი	24	199	88	L	B	GK	["GK"]	Valencia	2025	31	88	88	72	62	62	88	71	59	55	63	66	66	66	34	76	43	63	49	56	84	66	50	63	87	65
David Otorbi Ejededawe	17	180	75	R	B	WF	["WF","SM"]	Valencia	2026	68	39	68	71	74	79	67	73	72	74	69	66	69	67	62	68	62	61	62	61	66	69	67	63	50	63
Ali Fadal	20	180	72	R	B	CM	["CM"]	Valencia	2025	63	59	68	71	68	66	66	66	66	65	73	68	65	60	61	68	63	61	62	68	66	71	66	67	50	66
Germán Valera Karabinaite	22	170	68	L	B	WF	["WF","SM"]	Valencia	2028	72	36	74	71	88	83	71	83	76	82	70	69	69	69	73	70	63	61	67	61	66	74	71	63	50	68
Rubén Iranzo Lendínez	21	182	69	R	B	CBT	["CBT","SB"]	Valencia	2025	62	66	70	71	66	66	72	65	65	60	71	68	66	64	61	68	59	61	62	73	71	66	64	71	50	66
Martín Tejón Fauli	20	165	60	R	B	AM	["AM","SM","WF"]	Valencia	2026	68	47	68	71	66	66	65	70	68	65	74	70	68	65	67	68	67	65	62	61	66	68	65	63	50	68
Raúl Jiménez Latorre	18	186	78	R	B	GK	["GK"]	Valencia	2025	31	68	71	71	62	62	68	60	58	55	61	63	61	63	31	66	43	61	49	55	66	65	34	47	68	54
Mario Dominguez Franco	20	175	67	R	B	CF	["CF"]	Valencia	2025	67	35	70	71	72	74	63	71	72	71	66	64	58	57	71	68	64	61	62	67	66	72	60	63	50	63
Marco Camús Muñoz	23	183	73	L	B	WF	["WF","SM"]	Valencia	2025	66	40	68	71	74	72	63	73	71	72	69	67	66	65	68	68	61	63	64	61	66	70	60	67	50	67
Iker Córdoba Sánchez	19	190	78	L	B	CBT	["CBT"]	Valencia	2026	46	64	69	71	67	68	65	62	65	64	68	66	60	50	61	68	58	61	62	71	73	65	45	64	50	57
Rodrigo Abajas Martín	21	186	78	L	B	SB	["SB"]	Valencia	2026	62	66	68	71	79	81	69	70	65	71	65	64	63	61	61	68	58	61	62	61	67	65	63	68	50	60
Luiz Lúcio Reis Júnior	23	194	88	R	B	GK	["GK"]	Villarreal	2030	31	80	83	71	62	62	81	66	58	55	61	66	63	66	32	74	43	61	49	55	76	65	49	65	79	67
Logan Evans Costa	23	190	91	R	B	CBT	["CBT"]	Villarreal	2030	52	80	83	77	66	66	78	62	73	67	77	71	69	63	61	68	62	61	62	81	85	73	57	77	50	78
Raúl Albiol Tortajada	39	190	82	R	B	CBT	["CBT"]	Villarreal	2025	55	86	81	72	66	66	83	62	74	61	80	74	69	59	63	70	64	63	62	81	76	78	60	77	50	82
Eric Bertrand Bailly	30	187	77	R	B	CBT	["CBT"]	Villarreal	2025	60	80	83	71	75	69	81	68	73	73	75	69	66	59	62	68	62	62	62	78	84	74	65	76	50	82
Willy Kambwala Ndengushi	20	192	85	R	B	CBT	["CBT"]	Villarreal	2029	56	74	81	71	76	74	75	72	67	70	71	68	64	59	61	68	60	61	62	73	81	68	60	71	50	73
Denis Suárez Fernández	30	176	66	R	B	CM	["CM","SM","AM"]	Villarreal	2026	79	70	73	71	66	72	81	76	82	70	82	79	81	78	76	78	76	76	83	62	66	83	81	65	50	74
Gerard Moreno Balagueró	32	180	77	L	B	CF	["CF","WF","SM","AM","SS"]	Villarreal	2027	86	50	77	82	80	80	85	80	86	83	83	83	81	82	90	85	84	71	80	85	89	85	85	76	50	80
Juan Marcos Foyth	26	187	83	R	B	SB	["SB"]	Villarreal	2026	69	81	80	75	74	74	83	74	77	74	82	74	76	70	61	68	64	61	67	81	86	79	81	78	50	73
Daniel Parejo Muñoz	35	182	74	R	B	CM	["CM","DM"]	Villarreal	2026	81	76	76	78	66	66	83	66	85	69	90	87	89	85	83	83	83	91	90	72	72	88	81	76	50	82
Ilias Akhomach Chakkour إلياس أخوماش	20	175	70	L	B	WF	["WF","SM"]	Villarreal	2026	76	37	71	75	81	83	76	83	81	81	77	76	71	76	78	76	73	71	73	61	66	81	76	68	50	71
Juan Bernat Velasco	31	170	67	L	B	SB	["SB"]	Villarreal	2025	82	76	78	71	74	74	83	78	83	78	83	78	80	78	71	74	72	63	81	66	67	83	83	74	50	81
Diego José Conde Alcolado	26	188	78	R	B	GK	["GK"]	Villarreal	2029	31	79	79	71	62	62	82	71	58	55	61	65	63	65	34	73	43	61	49	55	76	65	51	68	79	67
Santiago Comesaña Veiga	28	184	75	R	B	CM	["CM","DM"]	Villarreal	2027	77	78	79	80	66	66	81	66	79	71	82	78	71	65	78	74	71	65	62	73	76	80	81	78	50	75
Thierno Barry	22	195	82	R	B	CF	["CF","WF","SM"]	Villarreal	2029	76	31	79	73	85	81	73	81	75	80	71	74	59	67	78	78	71	61	62	74	84	74	73	67	50	67
Alejandro Baena Rodríguez	23	175	70	R	B	SM	["SM","CF","CM"]	Villarreal	2028	83	69	71	80	80	81	83	81	84	82	85	83	83	82	79	80	79	83	81	67	75	84	83	79	50	82
Francisco Femenía Far	33	174	61	R	B	SB	["SB","SM","WB"]	Villarreal	2025	71	75	70	78	74	75	78	75	74	72	78	72	73	71	63	68	68	65	68	68	74	75	76	77	50	73
Pape Alassane Gueye	25	189	79	L	B	CM	["CM","DM"]	Villarreal	2028	76	75	81	78	67	66	81	63	78	71	82	79	74	71	66	77	68	61	62	69	75	80	79	78	50	78
Nicolas Pépé	29	183	73	L	B	WF	["WF","SM","CF"]	Villarreal	2026	81	44	79	76	89	89	82	90	84	87	81	82	77	82	80	85	78	83	84	67	83	83	82	67	50	74
Ramón Terrats Espacio	24	181	71	L	B	CM	["CM","DM"]	Villarreal	2026	77	73	75	78	66	66	78	68	78	71	82	75	72	65	74	68	68	61	62	71	75	80	78	77	50	77
Yéremy Jesús Pino Santos	22	172	65	R	B	WF	["WF","SM"]	Villarreal	2027	82	45	74	76	80	81	81	82	84	82	82	79	80	79	83	77	76	69	77	62	66	83	81	70	50	76
Ayoze Pérez Gutiérrez	31	178	66	R	B	WF	["WF","SM","CF","AM","SS"]	Villarreal	2028	85	64	75	78	79	83	84	83	87	83	85	81	82	81	84	79	79	70	79	81	83	86	84	79	50	84
Sergi Cardona Bermúdez	25	185	77	L	B	SB	["SB"]	Villarreal	2027	69	75	76	86	83	86	80	81	77	79	76	77	72	77	61	79	65	61	67	72	84	78	77	81	50	72
Alfonso Pedraza Sag	28	184	73	L	B	SB	["SB"]	Villarreal	2026	80	76	77	76	80	83	79	81	80	80	78	79	77	80	77	81	74	66	78	73	83	80	79	76	50	77
Pau Navarro Badenes	19	185	72	R	B	CBT	["CBT","CM","DM"]	Villarreal	2027	63	65	66	71	67	67	71	66	65	64	61	62	58	54	61	68	57	61	62	69	68	65	68	68	50	63
Arnau Solà Mateu	21	179	73	L	B	SB	["SB","SM","WB"]	Villarreal	2025	65	67	69	71	66	72	73	68	66	64	70	67	64	65	61	68	60	61	62	71	72	68	73	66	50	59
Iker Álvarez de Eulate Molne	23	190	78	R	B	GK	["GK"]	Villarreal	2026	31	74	77	71	62	62	74	64	58	55	61	65	63	65	31	72	43	61	49	55	70	65	43	66	73	66
Pau Cabanes De La Torre	19	179	71	R	B	CF	["CF","WF","SM"]	Villarreal	2026	63	31	69	71	73	75	63	76	72	71	63	63	62	64	66	68	63	61	62	63	67	71	60	64	50	62
Alex Quevedo Barber	20	191	79	L	B	GK	["GK"]	Villarreal	2028	31	70	75	71	62	62	66	62	58	55	61	66	63	66	33	74	43	61	49	55	69	65	43	55	72	58